{
  "indicator": [
    {
      "class": ".s-activity-indicator",
      "applies": "N/A",
      "description": "Base activity indicator element with theme-aware coloring"
    },
    {
      "class": ".s-activity-indicator__success",
      "applies": ".s-activity-indicator",
      "description": "Styles the activity indicator in a success state"
    },
    {
      "class": ".s-activity-indicator__warning",
      "applies": ".s-activity-indicator",
      "description": "Styles the activity indicator in a warning state"
    },
    {
      "class": ".s-activity-indicator__danger",
      "applies": ".s-activity-indicator",
      "description": "Styles the activity indicator in a danger state"
    }
  ]
}