{
  "classes": [
    {
      "class": ".s-avatar",
      "applies": "N/A",
      "description": "The base avatar at 16px."
    },
    {
      "class": ".s-avatar--image",
      "applies": "N/A",
      "description": "A child element for displaying a user’s profile image."
    },
    {
      "class": ".s-avatar--letter",
      "applies": "N/A",
      "description": "A child element for displaying an abbreviated Team name."
    },
    {
      "class": ".s-avatar--badge",
      "applies": "N/A",
      "description": "A child element that provides positioning to the shield on Team avatars."
    },
    {
      "class": ".s-avatar__24",
      "applies": ".s-avatar",
      "description": "Adds the proper border radius and scaling at 24px."
    },
    {
      "class": ".s-avatar__32",
      "applies": ".s-avatar",
      "description": "Adds the proper border radius and scaling at 32px."
    },
    {
      "class": ".s-avatar__48",
      "applies": ".s-avatar",
      "description": "Adds the proper border radius and scaling at 48px."
    },
    {
      "class": ".s-avatar__64",
      "applies": ".s-avatar",
      "description": "Adds the proper border radius and scaling at 64px."
    },
    {
      "class": ".s-avatar__96",
      "applies": ".s-avatar",
      "description": "Adds the proper border radius and scaling at 96px."
    },
    {
      "class": ".s-avatar__128",
      "applies": ".s-avatar",
      "description": "Adds the proper border radius and scaling at 128px."
    }
  ]
}