{
  "background-attachment": [
    {
      "class": ".bg-fixed",
      "output": "background-attachment: fixed;"
    },
    {
      "class": ".bg-local",
      "output": "background-attachment: local;"
    },
    {
      "class": ".bg-scroll",
      "output": "background-attachment: scroll;"
    }
  ],
  "background-position": [
    {
      "class": ".bg-bottom",
      "output": "background-position: bottom;"
    },
    {
      "class": ".bg-center",
      "output": "background-position: center;"
    },
    {
      "class": ".bg-left",
      "output": "background-position: left;"
    },
    {
      "class": ".bg-left-bottom",
      "output": "background-position: left bottom;"
    },
    {
      "class": ".bg-left-top",
      "output": "background-position: left top;"
    },
    {
      "class": ".bg-right",
      "output": "background-position: right;"
    },
    {
      "class": ".bg-right-bottom",
      "output": "background-position: right bottom;"
    },
    {
      "class": ".bg-right-top",
      "output": "background-position: right top;"
    },
    {
      "class": ".bg-top",
      "output": "background-position: top;"
    }
  ],
  "background-repeat": [
    {
      "class": ".bg-repeat",
      "output": "background-repeat: repeat;"
    },
    {
      "class": ".bg-no-repeat",
      "output": "background-repeat: no-repeat;"
    },
    {
      "class": ".bg-repeat-x",
      "output": "background-repeat: repeat-x;"
    },
    {
      "class": ".bg-repeat-y",
      "output": "background-repeat: repeat-y;"
    }
  ],
  "background-size": [
    {
      "class": ".bg-auto",
      "output": "background-size: auto;"
    },
    {
      "class": ".bg-cover",
      "output": "background-size: cover;"
    },
    {
      "class": ".bg-contain",
      "output": "background-size: contain;"
    }
  ],
  "background-image": [
    {
      "class": ".bg-image-none",
      "output": "background-image: none;"
    }
  ]
}