[
  {
    "name": "Badge, Gold",
    "repType": "gold",
    "class": "s-badge",
    "html": "s-badge",
    "label": "Great Question",
    "description": "Gold badge achievement that a user earns within a community."
  },
  {
    "name": "Badge, Silver",
    "repType": "silver",
    "class": "s-badge",
    "html": "s-badge",
    "label": "Favorite Question",
    "description": "Silver badge achievement that a user earns within a community."
  },
  {
    "name": "Badge, Bronze",
    "repType": "bronze",
    "class": "s-badge",
    "html": "s-badge",
    "label": "Altruist",
    "description": "Bronze badge achievement that a user earns within a community."
  },
  {
    "name": "Number Count, Gold",
    "repType": "gold",
    "class": "s-badge__gold",
    "html": "s-badge s-badge__gold",
    "label": 635,
    "description": "Badge which displays the total number of gold badges a user has earned."
  },
  {
    "name": "Number Count, Silver",
    "repType": "silver",
    "class": "s-badge__silver",
    "html": "s-badge s-badge__silver",
    "label": 7624,
    "description": "Badge which displays the total number of silver badges a user has earned."
  },
  {
    "name": "Number Count, Bronze",
    "repType": "bronze",
    "class": "s-badge__bronze",
    "html": "s-badge s-badge__bronze",
    "label": 8234,
    "description": "Badge which displays the total number of bronze badges a user has earned."
  },
  {
    "name": "Bounty",
    "class": "s-badge__bounty",
    "html": "s-badge s-badge__bounty",
    "label": "+100",
    "description": "Badge which notes that a user has offered a reward for an answer to their question."
  },
  {
    "name": "Post Votes",
    "class": "s-badge__votes",
    "html": "s-badge s-badge__votes",
    "label": 15,
    "description": "Badge which notes the total number of votes (upvotes minus downvotes) a user's post has earned."
  },
  {
    "name": "Accepted Answer",
    "class": "s-badge__answered",
    "html": "s-badge s-badge__answered",
    "label": 154,
    "description": "Badge which notes the total number of votes (upvotes minus downvotes) a user's post has earned and signifies that their post was the accepted answer."
  },
  {
    "name": "Reputation Increase",
    "class": "s-badge__rep",
    "html": "s-badge s-badge__rep",
    "label": "+15",
    "description": "Badge which notes reputation points earned."
  },
  {
    "name": "Reputation Decrease",
    "class": "s-badge__rep-down",
    "html": "s-badge s-badge__rep-down",
    "label": "-2",
    "description": "Badge which notes reputation points taken away."
  },
  {
    "name": "Number Count, Important",
    "class": "s-badge__important",
    "html": "s-badge s-badge__mini s-badge__important",
    "label": "99+",
    "description": "Badge which notes important activity."
  },
  {
    "name": "Badge, Small",
    "class": "s-badge__sm",
    "html": "s-badge s-badge__sm",
    "label": "99+",
    "description": "Decreases the badge size."
  },
  {
    "name": "Badge, Extra small",
    "class": "s-badge__xs",
    "html": "s-badge s-badge__xs",
    "label": "99+",
    "description": "Decreases the badge size even further."
  }
]
