{
  "system": [
    {
      "class": ".s-banner",
      "applies": "N/A",
      "description": "Base banner parent class. This defaults to a system banner style."
    },
    {
      "class": ".s-banner__info",
      "applies": ".s-banner",
      "description": "Applies info (blue) visual styles."
    },
    {
      "class": ".s-banner__success",
      "applies": ".s-banner",
      "description": "Applies success (green) visual styles."
    },
    {
      "class": ".s-banner__warning",
      "applies": ".s-banner",
      "description": "Applies warning (yellow) visual styles."
    },
    {
      "class": ".s-banner__danger",
      "applies": ".s-banner",
      "description": "Applies danger (red) visual styles."
    },
    {
      "class": ".s-banner__important",
      "applies": ".s-banner",
      "description": "Emboldens the above visual styles by strengthening the background saturation. This should be used for time-sensitive, pressing information that needs to be noticed by the user."
    }
  ]
}