{
  "border": [
    {
      "class": ".ba",
      "define": "Apply a border to all sides",
      "output": "border: solid 1px #000",
      "responsive": true
    },
    {
      "class": ".bt",
      "define": "Apply a border to the top side",
      "output": "border-top: solid 1px #000",
      "responsive": true
    },
    {
      "class": ".bb",
      "define": "Apply a border to the bottom side",
      "output": "border-bottom: solid 1px #000",
      "responsive": true
    },
    {
      "class": ".bl",
      "define": "Apply a border to the left side",
      "output": "border-left: solid 1px #000",
      "responsive": true
    },
    {
      "class": ".br",
      "define": "Apply a border to the right side",
      "output": "border-right: solid 1px #000",
      "responsive": true
    },
    {
      "class": ".by",
      "define": "Apply a border to the top and bottom sides",
      "output": "border-top: solid 1px #000; border-bottom: solid 1px #000;"
    },
    {
      "class": ".bx",
      "define": "Apply a border to the left and right sides",
      "output": "border-left: solid 1px #000; border-right: solid 1px #000;"
    }
  ],
  "border-width": [
    {
      "class": ".baw0",
      "define": "Applies a border width of zero to all sides",
      "output": "border-width: 0"
    },
    {
      "class": ".btw0",
      "define": "Applies a border width of zero to the top side",
      "output": "border-top-width: 0",
      "responsive": true
    },
    {
      "class": ".bbw0",
      "define": "Applies a border width of zero to the bottom side",
      "output": "border-bottom-width: 0",
      "responsive": true
    },
    {
      "class": ".blw0",
      "define": "Applies a border width of zero to the left side",
      "output": "border-left-width: 0",
      "responsive": true
    },
    {
      "class": ".brw0",
      "define": "Applies a border width of zero to the right side",
      "output": "border-right-width: 0",
      "responsive": true
    },
    {
      "class": ".byw0",
      "define": "Applies a border width of zero to the top and bottom sides",
      "output": "border-top-width: 0; border-bottom-width: 0;"
    },
    {
      "class": ".bxw0",
      "define": "Applies a border width of zero to the left and right sides",
      "output": "border-left-width: 0; border-right-width: 0;"
    },
    {
      "class": ".baw1",
      "define": "Applies a border width of 1px to all sides",
      "output": "border-width: 1px"
    },
    {
      "class": ".btw1",
      "define": "Applies a border width of 1px to the top side",
      "output": "border-top-width: 1px"
    },
    {
      "class": ".bbw1",
      "define": "Applies a border width of 1px to the bottom side",
      "output": "border-bottom-width: 1px"
    },
    {
      "class": ".blw1",
      "define": "Applies a border width of 1px to the left side",
      "output": "border-left-width: 1px"
    },
    {
      "class": ".brw1",
      "define": "Applies a border width of 1px to the right side",
      "output": "border-right-width: 1px"
    },
    {
      "class": ".byw1",
      "define": "Applies a border width of 1px to the top and bottom sides",
      "output": "border-top-width: 1px; border-bottom-width: 1px;"
    },
    {
      "class": ".bxw1",
      "define": "Applies a border width of 1px to the left and right sides",
      "output": "border-left-width: 1px; border-right-width: 1px;"
    },
    {
      "class": ".baw2",
      "define": "Applies a border width of 2px to all sides",
      "output": "border-width: 2px"
    },
    {
      "class": ".btw2",
      "define": "Applies a border width of 2px to the top side",
      "output": "border-top-width: 2px"
    },
    {
      "class": ".bbw2",
      "define": "Applies a border width of 2px to the bottom side",
      "output": "border-bottom-width: 2px"
    },
    {
      "class": ".blw2",
      "define": "Applies a border width of 2px to the left side",
      "output": "border-left-width: 2px"
    },
    {
      "class": ".brw2",
      "define": "Applies a border width of 2px to the right side",
      "output": "border-right-width: 2px"
    },
    {
      "class": ".byw2",
      "define": "Applies a border width of 2px to the top and bottom sides",
      "output": "border-top-width: 2px; border-bottom-width: 2px;"
    },
    {
      "class": ".bxw2",
      "define": "Applies a border width of 2px to the left and right sides",
      "output": "border-left-width: 2px; border-right-width: 2px;"
    },
    {
      "class": ".baw3",
      "define": "Applies a border width of 4px to all sides",
      "output": "border-width: 4px"
    },
    {
      "class": ".btw3",
      "define": "Applies a border width of 4px to the top side",
      "output": "border-top-width: 4px"
    },
    {
      "class": ".bbw3",
      "define": "Applies a border width of 4px to the bottom side",
      "output": "border-bottom-width: 4px"
    },
    {
      "class": ".blw3",
      "define": "Applies a border width of 4px to the left side",
      "output": "border-left-width: 4px"
    },
    {
      "class": ".brw3",
      "define": "Applies a border width of 4px to the right side",
      "output": "border-right-width: 4px"
    },
    {
      "class": ".byw3",
      "define": "Applies a border width of 4px to the top and bottom sides",
      "output": "border-top-width: 4px; border-bottom-width: 4px;"
    },
    {
      "class": ".bxw3",
      "define": "Applies a border width of 4px to the left and right sides",
      "output": "border-left-width: 4px; border-right-width: 4px;"
    }
  ],
  "border-style": [
    {
      "class": "bas-solid",
      "define": "Applies a solid border style to all sides",
      "output": "border-style: solid"
    },
    {
      "class": "bts-solid",
      "define": "Applies a solid border style to the top side",
      "output": "border-top-style: solid"
    },
    {
      "class": "brs-solid",
      "define": "Applies a solid border style to the right side",
      "output": "border-right-style: solid"
    },
    {
      "class": "bbs-solid",
      "define": "Applies a solid border style to the bottom side",
      "output": "border-bottom-style: solid"
    },
    {
      "class": "bls-solid",
      "define": "Applies a solid border style to the left side",
      "output": "border-left-style: solid"
    },
    {
      "class": "bas-dashed",
      "define": "Applies a dashed border style to all sides",
      "output": "border-style: dashed"
    },
    {
      "class": "bts-dashed",
      "define": "Applies a dashed border style to the top side",
      "output": "border-top-style: dashed"
    },
    {
      "class": "brs-dashed",
      "define": "Applies a dashed border style to the right side",
      "output": "border-right-style: dashed"
    },
    {
      "class": "bbs-dashed",
      "define": "Applies a dashed border style to the bottom side",
      "output": "border-bottom-style: dashed"
    },
    {
      "class": "bls-dashed",
      "define": "Applies a dashed border style to the left side",
      "output": "border-left-style: dashed"
    }
  ],
  "border-color": [
    {
      "term": "bc-transparent",
      "define": "Transparent border color",
      "darkmode": true
    },
    {
      "term": "bc-white",
      "define": "White border color"
    },
    {
      "term": "bc-white-[x]",
      "define": "Alpha stops for border color"
    },
    {
      "term": "bc-black-[x]",
      "define": "Black color stops for border colors"
    },
    {
      "term": "bc-orange-[x]",
      "define": "Orange color stops for border colors"
    },
    {
      "term": "bc-blue-[x]",
      "define": "Blue color stops for border colors"
    },
    {
      "term": "bc-green-[x]",
      "define": "Green color stops for border colors"
    },
    {
      "term": "bc-powder-[x]",
      "define": "Powder color stops for border colors"
    },
    {
      "term": "bc-red-[x]",
      "define": "Red color stops for border colors"
    },
    {
      "term": "bc-yellow-[x]",
      "define": "Yellow color stops for border colors"
    },
    {
      "term": "bc-danger",
      "define": "Danger border color alias"
    },
    {
      "term": "bc-error",
      "define": "Error border color alias"
    },
    {
      "term": "bc-success",
      "define": "Success border color alias"
    },
    {
      "term": "bc-warning",
      "define": "Warning border color alias"
    }
  ],
  "border-radius-definitions": [
    {
      "term": "bar",
      "define": "border-radius"
    },
    {
      "term": "btr",
      "define": "border-top-left-radius, border-top-right-radius"
    },
    {
      "term": "bbr",
      "define": "border-bottom-left-radius, border-bottom-right-radius"
    },
    {
      "term": "brr",
      "define": "border-top-right-radius, border-bottom-right-radius"
    },
    {
      "term": "blr",
      "define": "border-top-left-radius, border-bottom-left-radius"
    },
    {
      "term": 0,
      "define": "0px"
    },
    {
      "term": "sm",
      "define": "3px"
    },
    {
      "term": "md",
      "define": "5px"
    },
    {
      "term": "lg",
      "define": "7px"
    },
    {
      "term": "-circle",
      "define": "Creates circle object (100%)"
    }
  ],
  "border-radius": [
    {
      "class": "bar0",
      "define": "Apply a border radius of 0 to all corners",
      "output": "border-radius: 0",
      "responsive": true
    },
    {
      "class": "btlr0",
      "define": "Apply a border radius of 0 to the top left corner",
      "output": "border-top-left-radius: 0"
    },
    {
      "class": "btrr0",
      "define": "Apply a border radius of 0 to the top right corner",
      "output": "border-top-right-radius: 0"
    },
    {
      "class": "bblr0",
      "define": "Apply a border radius of 0 to the bottom left corner",
      "output": "border-bottom-left-radius: 0"
    },
    {
      "class": "bbrr0",
      "define": "Apply a border radius of 0 to the bottom right corner",
      "output": "border-bottom-right-radius: 0"
    },
    {
      "class": "btr0",
      "define": "Apply a border radius of 0 to the top corners",
      "output": "border-top-left-radius: 0<br>border-top-right-radius: 0"
    },
    {
      "class": "brr0",
      "define": "Apply a border radius of 0 to the right corners",
      "output": "border-top-right-radius: 0<br>border-bottom-right-radius: 0"
    },
    {
      "class": "bbr0",
      "define": "Apply a border radius of 0 to the bottom corners",
      "output": "border-bottom-left-radius: 0<br>border-bottom-right-radius: 0"
    },
    {
      "class": "blr0",
      "define": "Apply a border radius of 0 to the left corners",
      "output": "border-bottom-left-radius: 0<br>border-top-left-radius: 0"
    },
    {
      "class": "bar-sm",
      "define": "Apply a border radius of 3px to all corners",
      "output": "border-radius: 3px"
    },
    {
      "class": "btlr-sm",
      "define": "Apply a border radius of 3px to the top left corner",
      "output": "border-top-left-radius: 3px"
    },
    {
      "class": "btrr-sm",
      "define": "Apply a border radius of 3px to the top right corner",
      "output": "border-top-right-radius: 3px"
    },
    {
      "class": "bblr-sm",
      "define": "Apply a border radius of 3px to the bottom left corner",
      "output": "border-bottom-left-radius: 3px"
    },
    {
      "class": "bbrr-sm",
      "define": "Apply a border radius of 3px to the bottom right corner",
      "output": "border-bottom-right-radius: 3px"
    },
    {
      "class": "btr-sm",
      "define": "Apply a border radius of 3px to the top corners",
      "output": "border-top-left-radius: 3px<br>border-top-right-radius: 3px"
    },
    {
      "class": "brr-sm",
      "define": "Apply a border radius of 3px to the right corners",
      "output": "border-top-right-radius: 3px<br>border-bottom-right-radius: 3px"
    },
    {
      "class": "bbr-sm",
      "define": "Apply a border radius of 3px to the bottom corners",
      "output": "border-bottom-left-radius: 3px<br>border-bottom-right-radius: 3px"
    },
    {
      "class": "blr-sm",
      "define": "Apply a border radius of 3px to the left corners",
      "output": "border-bottom-left-radius: 3px<br>border-top-left-radius: 3px"
    },
    {
      "class": "bar-md",
      "define": "Apply a border radius of 5px to all corners",
      "output": "border-radius: 5px"
    },
    {
      "class": "btlr-md",
      "define": "Apply a border radius of 5px to the top left corner",
      "output": "border-top-left-radius: 5px"
    },
    {
      "class": "btrr-md",
      "define": "Apply a border radius of 5px to the top right corner",
      "output": "border-top-right-radius: 5px"
    },
    {
      "class": "bblr-md",
      "define": "Apply a border radius of 5px to the bottom left corner",
      "output": "border-bottom-left-radius: 5px"
    },
    {
      "class": "bbrr-md",
      "define": "Apply a border radius of 5px to the bottom right corner",
      "output": "border-bottom-right-radius: 5px"
    },
    {
      "class": "btr-md",
      "define": "Apply a border radius of 5px to the top corners",
      "output": "border-top-left-radius: 5px<br>border-top-right-radius: 5px"
    },
    {
      "class": "brr-md",
      "define": "Apply a border radius of 5px to the right corners",
      "output": "border-top-right-radius: 5px<br>border-bottom-right-radius: 5px"
    },
    {
      "class": "bbr-md",
      "define": "Apply a border radius of 5px to the bottom corners",
      "output": "border-bottom-left-radius: 5px<br>border-bottom-right-radius: 5px"
    },
    {
      "class": "blr-md",
      "define": "Apply a border radius of 5px to the left corners",
      "output": "border-bottom-left-radius: 5px<br>border-top-left-radius: 5px"
    },
    {
      "class": "bar-lg",
      "define": "Apply a border radius of 7px to all corners",
      "output": "border-radius: 7px"
    },
    {
      "class": "btlr-lg",
      "define": "Apply a border radius of 7px to the top left corner",
      "output": "border-top-left-radius: 7px"
    },
    {
      "class": "btrr-lg",
      "define": "Apply a border radius of 7px to the top right corner",
      "output": "border-top-right-radius: 7px"
    },
    {
      "class": "bblr-lg",
      "define": "Apply a border radius of 7px to the bottom left corner",
      "output": "border-bottom-left-radius: 7px"
    },
    {
      "class": "bbrr-lg",
      "define": "Apply a border radius of 7px to the bottom right corner",
      "output": "border-bottom-right-radius: 7px"
    },
    {
      "class": "btr-lg",
      "define": "Apply a border radius of 7px to the top corners",
      "output": "border-top-left-radius: 7px<br>border-top-right-radius: 7px"
    },
    {
      "class": "brr-lg",
      "define": "Apply a border radius of 7px to the right corners",
      "output": "border-top-right-radius: 7px<br>border-bottom-right-radius: 7px"
    },
    {
      "class": "bbr-lg",
      "define": "Apply a border radius of 7px to the bottom corners",
      "output": "border-bottom-left-radius: 7px<br>border-bottom-right-radius: 7px"
    },
    {
      "class": "blr-lg",
      "define": "Apply a border radius of 7px to the left corners",
      "output": "border-bottom-left-radius: 7px<br>border-top-left-radius: 7px"
    },
    {
      "class": "bar-pill",
      "define": "Apply a border radius of 1000px to each corner for a 100% rounding of the left and right corners",
      "output": "border-radius: 1000px"
    },
    {
      "class": "bar-circle",
      "define": "Apply a border radius of 100% to each corner circular appearance",
      "output": "border-radius: 100%"
    }
  ]
}