{
  "classes": [
    {
      "class": ".s-breadcrumbs",
      "applies": "N/A",
      "description": "Base parent container for breadcrumbs"
    },
    {
      "class": ".s-breadcrumbs--item",
      "applies": ".s-breadcrumbs",
      "description": "Individual breadcrumb element containing a link and a divider"
    },
    {
      "class": ".s-breadcrumbs--link",
      "applies": ".s-breadcrumbs--item",
      "description": "Breadcrumb link element"
    },
    {
      "class": ".s-breadcrumbs--divider",
      "applies": ".s-breadcrumbs--item",
      "description": "Breadcrumb divider element"
    }
  ]
}