[
  {
    "name": "red",
    "primary": 400,
    "white": true,
    "include": true,
    "stops": [
      {
        "stop": 900,
        "hex": "7a1819",
        "white": true
      },
      {
        "stop": 800,
        "hex": 942121,
        "white": true
      },
      {
        "stop": 700,
        "hex": "ac2726",
        "white": true
      },
      {
        "stop": 600,
        "hex": "c02d2e",
        "white": true
      },
      {
        "stop": 500,
        "hex": "d1383d",
        "white": true
      },
      {
        "stop": 400,
        "hex": "de535e",
        "white": true
      },
      {
        "stop": 300,
        "hex": "e87c87"
      },
      {
        "stop": 200,
        "hex": "f4b4bb"
      },
      {
        "stop": 100,
        "hex": "f9d3d7"
      },
      {
        "stop": "050",
        "hex": "fdf3f4"
      }
    ]
  },
  {
    "name": "orange",
    "primary": 400,
    "white": true,
    "include": true,
    "stops": [
      {
        "stop": 900,
        "hex": 874600,
        "white": true
      },
      {
        "stop": 800,
        "hex": "a35200",
        "white": true
      },
      {
        "stop": 700,
        "hex": "bd5c00",
        "white": true
      },
      {
        "stop": 600,
        "hex": "da670b",
        "white": true
      },
      {
        "stop": 500,
        "hex": "f2720c",
        "white": true
      },
      {
        "stop": 400,
        "hex": "f48024",
        "white": true
      },
      {
        "stop": 300,
        "hex": "f7aa6d"
      },
      {
        "stop": 200,
        "hex": "fcd0ad"
      },
      {
        "stop": 100,
        "hex": "fee3cf"
      },
      {
        "stop": "050",
        "hex": "fff7f2"
      }
    ]
  },
  {
    "name": "yellow",
    "primary": 500,
    "white": true,
    "include": true,
    "stops": [
      {
        "stop": 900,
        "hex": "826a0b",
        "white": true
      },
      {
        "stop": 800,
        "hex": "9f8010",
        "white": true
      },
      {
        "stop": 700,
        "hex": "b89516",
        "white": true
      },
      {
        "stop": 600,
        "hex": "cea51b",
        "white": true
      },
      {
        "stop": 500,
        "hex": "ddb624",
        "white": true
      },
      {
        "stop": 400,
        "hex": "e9c63f",
        "white": true
      },
      {
        "stop": 300,
        "hex": "e6d178"
      },
      {
        "stop": 200,
        "hex": "f1e5bc"
      },
      {
        "stop": 100,
        "hex": "fbf2d4"
      },
      {
        "stop": "050",
        "hex": "fdf7e3"
      }
    ]
  },
  {
    "name": "green",
    "primary": 500,
    "white": true,
    "include": true,
    "stops": [
      {
        "stop": 900,
        "hex": "1e472c",
        "white": true
      },
      {
        "stop": 800,
        "hex": "29603b",
        "white": true
      },
      {
        "stop": 700,
        "hex": "2f6f44",
        "white": true
      },
      {
        "stop": 600,
        "hex": "3d8f58",
        "white": true
      },
      {
        "stop": 500,
        "hex": "48a868",
        "white": true
      },
      {
        "stop": 400,
        "hex": "5eba7d",
        "white": true
      },
      {
        "stop": 300,
        "hex": "82ca9a"
      },
      {
        "stop": 200,
        "hex": "a6d9b7"
      },
      {
        "stop": 100,
        "hex": "cae8d4"
      },
      {
        "stop": "050",
        "hex": "dcf0e2"
      },
      {
        "stop": "025",
        "hex": "eef8f1"
      }
    ]
  },
  {
    "name": "blue",
    "primary": 600,
    "white": true,
    "include": true,
    "stops": [
      {
        "stop": 900,
        "hex": "004487",
        "white": true
      },
      {
        "stop": 800,
        "hex": "0054a3",
        "white": true
      },
      {
        "stop": 700,
        "hex": "0064bd",
        "white": true
      },
      {
        "stop": 600,
        "hex": "0077cc",
        "white": true
      },
      {
        "stop": 500,
        "hex": "0095ff",
        "white": true
      },
      {
        "stop": 400,
        "hex": "379fef",
        "white": true
      },
      {
        "stop": 300,
        "hex": "6cbbf7"
      },
      {
        "stop": 200,
        "hex": "addafc"
      },
      {
        "stop": 100,
        "hex": "cfeafe"
      },
      {
        "stop": "050",
        "hex": "f2f9ff"
      }
    ]
  },
  {
    "name": "powder",
    "primary": 500,
    "white": true,
    "include": true,
    "stops": [
      {
        "stop": 900,
        "hex": "1e3c52",
        "white": true
      },
      {
        "stop": 800,
        "hex": "2c5777",
        "white": true
      },
      {
        "stop": 700,
        "hex": "39739d",
        "white": true
      },
      {
        "stop": 600,
        "hex": "5b8db1",
        "white": true
      },
      {
        "stop": 500,
        "hex": "7aa7c7",
        "white": true
      },
      {
        "stop": 400,
        "hex": "a0c7e4",
        "white": true
      },
      {
        "stop": 300,
        "hex": "b3d3ea"
      },
      {
        "stop": 200,
        "hex": "d1e5f1"
      },
      {
        "stop": 100,
        "hex": "e1ecf4"
      },
      {
        "stop": "050",
        "hex": "f4f8fb"
      }
    ]
  },
  {
    "name": "black",
    "primary": 800,
    "white": true,
    "include": true,
    "stops": [
      {
        "stop": 900,
        "hex": "0c0d0e",
        "white": true
      },
      {
        "stop": 800,
        "hex": "242729",
        "white": true
      },
      {
        "stop": 750,
        "hex": "2f3337",
        "white": true
      },
      {
        "stop": 700,
        "hex": "3b4045",
        "white": true
      },
      {
        "stop": 600,
        "hex": "535a60",
        "white": true
      },
      {
        "stop": 500,
        "hex": "6a737c",
        "white": true
      },
      {
        "stop": 400,
        "hex": "848d95",
        "white": true
      },
      {
        "stop": 350,
        "hex": "9199a1",
        "white": true
      },
      {
        "stop": 300,
        "hex": "9fa6ad",
        "white": true
      },
      {
        "stop": 200,
        "hex": "bbc0c4"
      },
      {
        "stop": 150,
        "hex": "c8ccd0"
      },
      {
        "stop": 100,
        "hex": "d6d9dc"
      },
      {
        "stop": "075",
        "hex": "e4e6e8"
      },
      {
        "stop": "050",
        "hex": "eff0f1"
      },
      {
        "stop": "025",
        "hex": "fafafb"
      }
    ]
  },
  {
    "name": "theme-primary",
    "primary": 400,
    "white": true,
    "stops": [
      {
        "stop": 900,
        "white": true
      },
      {
        "stop": 800,
        "white": true
      },
      {
        "stop": 700,
        "white": true
      },
      {
        "stop": 600,
        "white": true
      },
      {
        "stop": 500,
        "white": true
      },
      {
        "stop": 400,
        "white": true
      },
      {
        "stop": 350
      },
      {
        "stop": 300
      },
      {
        "stop": 200
      },
      {
        "stop": 150
      },
      {
        "stop": 100
      },
      {
        "stop": "075"
      },
      {
        "stop": "050"
      },
      {
        "stop": "025"
      }
    ]
  },
  {
    "name": "theme-secondary",
    "primary": 400,
    "white": true,
    "stops": [
      {
        "stop": 900,
        "white": true
      },
      {
        "stop": 800,
        "white": true
      },
      {
        "stop": 700,
        "white": true
      },
      {
        "stop": 600,
        "white": true
      },
      {
        "stop": 500,
        "white": true
      },
      {
        "stop": 400,
        "white": true
      },
      {
        "stop": 350
      },
      {
        "stop": 300
      },
      {
        "stop": 200
      },
      {
        "stop": 150
      },
      {
        "stop": 100
      },
      {
        "stop": "075"
      },
      {
        "stop": "050"
      },
      {
        "stop": "025"
      }
    ]
  },
  {
    "name": "gold",
    "primary": "",
    "flip": true,
    "stops": [
      {
        "stop": "darker",
        "hex": "f1b600",
        "white": true
      },
      {
        "stop": "",
        "hex": "ffcc01",
        "flip": true
      },
      {
        "stop": "lighter",
        "hex": "fff4d1"
      }
    ]
  },
  {
    "name": "silver",
    "primary": "",
    "flip": true,
    "stops": [
      {
        "stop": "darker",
        "hex": "9a9c9f",
        "white": true
      },
      {
        "stop": "",
        "hex": "b4b8bc",
        "flip": true
      },
      {
        "stop": "lighter",
        "hex": "e8e8e8"
      }
    ]
  },
  {
    "name": "bronze",
    "primary": "",
    "flip": true,
    "stops": [
      {
        "stop": "darker",
        "hex": "ab825f",
        "white": true
      },
      {
        "stop": "",
        "hex": "caa789",
        "flip": true
      },
      {
        "stop": "lighter",
        "hex": "f2e9e1"
      }
    ]
  }
]
