{
  "single-links": [
    {
      "class": ".s-link",
      "applies": "N/A",
      "description": "Base link style that is used almost universally."
    },
    {
      "class": ".s-link__grayscale",
      "applies": ".s-link",
      "description": "A link style modification with our default text color."
    },
    {
      "class": ".s-link__muted",
      "applies": ".s-link",
      "description": "Applies a visually muted style to the base style."
    },
    {
      "class": ".s-link__danger",
      "applies": ".s-link",
      "description": "Applies an important, destructive red to the base style."
    },
    {
      "class": ".s-link__inherit",
      "applies": ".s-link",
      "description": "Applies the parent element’s text color."
    },
    {
      "class": ".s-link__underlined",
      "applies": ".s-link",
      "description": "Adds an underline to the link’s text."
    },
    {
      "class": ".s-link__visited",
      "applies": "all",
      "description": "Applies the hover / active state styling to links that have been visited."
    },
    {
      "class": ".s-link__dropdown",
      "applies": ".s-link",
      "description": "Applies a caret for dropdowns and additional interactivity."
    }
  ],
  "descendent-anchors": [
    {
      "class": ".s-anchors",
      "applies": "N/A",
      "description": "A consistent link style is applied to all descendent anchors."
    },
    {
      "class": ".s-anchors__default",
      "applies": ".s-anchors",
      "description": "All descendent links receive s-link’s default styling."
    },
    {
      "class": ".s-anchors__grayscale",
      "applies": ".s-anchors",
      "description": "Applies gray styling to all descendent links."
    },
    {
      "class": ".s-anchors__muted",
      "applies": ".s-anchors",
      "description": "Applies a visually muted style to all descendent links."
    },
    {
      "class": ".s-anchors__danger",
      "applies": ".s-anchors",
      "description": "Applies an important, destructive red to all descendent links."
    },
    {
      "class": ".s-anchors__underlined",
      "applies": ".s-anchors",
      "description": "Applies an underline to all descendent links."
    },
    {
      "class": ".s-anchors__inherit",
      "applies": ".s-anchors",
      "description": "Applies the parent element’s text color to all descendent links."
    }
  ],
  "block-links": [
    {
      "class": ".s-block-link",
      "applies": "N/A",
      "description": "Base block link style"
    },
    {
      "class": ".is-selected",
      "applies": ".s-block-link",
      "description": "Adds the selected state to the base block link style."
    },
    {
      "class": ".s-block-link__right",
      "applies": ".s-block-link",
      "description": "Applies a border to the right of the selected state."
    },
    {
      "class": ".s-block-link__left",
      "applies": ".s-block-link",
      "description": "Applies a border to the left of the selected state."
    }
  ]
}