{
  "classes": [
    {
      "class": ".s-link-preview",
      "parent": "N/A",
      "description": "Base parent container for link previews"
    },
    {
      "class": ".s-link-preview--header",
      "parent": ".s-link-preview",
      "description": "Top section containing the title and details"
    },
    {
      "class": ".s-link-preview--icon",
      "parent": ".s-link-preview--header",
      "description": "Logo of the third party link. Use <a href='/product/resources/icons/'>the @Svg.Helper</a>."
    },
    {
      "class": ".s-link-preview--title",
      "parent": ".s-link-preview--header",
      "description": "Title of the linked file"
    },
    {
      "class": ".s-link-preview--details",
      "parent": ".s-link-preview--header",
      "description": "Details and meta data of the linked file"
    },
    {
      "class": ".s-link-preview--body",
      "parent": ".s-link-preview",
      "description": "Middle section containing the body of the linked file whose expected content is rich text or markdown"
    },
    {
      "class": ".s-link-preview--code",
      "parent": ".s-link-preview",
      "description": "Middle section containing the body of the linked file whose expected content is code"
    },
    {
      "class": ".s-link-preview--footer",
      "parent": ".s-link-preview",
      "description": "Bottom section containing URL details"
    },
    {
      "class": ".s-link-preview--url",
      "parent": ".s-link-preview--footer",
      "description": "URL of the linked file"
    },
    {
      "class": ".s-link-preview--misc",
      "parent": ".s-link-preview--footer",
      "description": "(optional) A small catch-all for anything you might need. This page contains a few use cases."
    },
    {
      "class": ".linenums",
      "parent": ".s-link-preview--code",
      "description": "Added to the <code class='stacks-code'>pre</code> of the preview block to properly display line numbers"
    }
  ]
}