{
  "classes": [
    {
      "class": ".s-menu",
      "applies": "N/A",
      "description": "Base container styling for a menu"
    },
    {
      "class": ".s-menu--title",
      "applies": ".s-menu",
      "description": "Adds appropriate styling for a title within a menu"
    },
    {
      "class": ".s-menu--divider",
      "applies": ".s-menu",
      "description": "Styles a divider and adds the right amount of spacing"
    },
    {
      "class": ".s-menu--label",
      "applies": ".s-menu",
      "description": "This gets applied to radio button labels within a menu for proper cursors and aesthetics"
    }
  ]
}