{
  "classes": [
    {
      "class": ".s-navigation",
      "applies": "N/A",
      "description": "Base parent container for navigation"
    },
    {
      "class": ".s-navigation__vertical",
      "applies": "<code class=\"stacks-code\">.s-navigation</code>",
      "description": "Renders the navigation vertically"
    },
    {
      "class": ".s-navigation__muted",
      "applies": "<code class=\"stacks-code\">.s-navigation</code>",
      "description": "Secondary navigation style. To be used on pages that already have a primary navigation"
    },
    {
      "class": ".s-navigation__scroll",
      "applies": "<code class=\"stacks-code\">.s-navigation</code>",
      "description": "When the navigation items overflow the width of the component, enable horizontal scrolling. By default, navigation items will wrap. This should not be applied to vertical navigations."
    },
    {
      "class": ".s-navigation__sm",
      "applies": "<code class=\"stacks-code\">.s-navigation</code>",
      "description": "Tightens up the overall spacing and reduces the text size"
    },
    {
      "class": ".s-navigation--item",
      "applies": "Child of <code class=\"stacks-code\">.s-navigation</code>",
      "description": "The individual pill-shaped link in a navigation"
    },
    {
      "class": ".is-selected",
      "applies": "<code class=\"stacks-code\">.s-navigation--item</code>",
      "description": "Applies to a navigation item that’s currently selected / active"
    },
    {
      "class": ".s-navigation--item__dropdown",
      "applies": "<code class=\"stacks-code\">.s-navigation--item</code>",
      "description": "Adds a small caret that indicates a dropdown"
    }
  ]
}