{
  "visual": [
    {
      "class": ".s-notice",
      "applies": "N/A",
      "description": "Default style used to separate notices from the main content."
    },
    {
      "class": ".s-notice--btn",
      "applies": "N/A",
      "description": "Child element applied to .s-btn within a toast to give it a subtle tint that’s appropriate in that context."
    },
    {
      "class": ".s-notice__info",
      "applies": ".s-notice",
      "description": "Visual style for information notices."
    },
    {
      "class": ".s-notice__success",
      "applies": ".s-notice",
      "description": "Visual style for success notices."
    },
    {
      "class": ".s-notice__warning",
      "applies": ".s-notice",
      "description": "Visual style for warning notices."
    },
    {
      "class": ".s-notice__danger",
      "applies": ".s-notice",
      "description": "Visual style for danger notices."
    },
    {
      "class": ".s-notice__important",
      "applies": ".s-notice",
      "description": "Emboldens the above visual styles by strengthening the background saturation. This should be used for time-sensitive, pressing information that needs to be noticed by the user."
    }
  ],
  "behavior": [
    {
      "type": "Inline",
      "class": ".s-notice",
      "applies": "N/A",
      "description": "Notice inserted within the content area."
    },
    {
      "type": "Toast",
      "class": ".s-toast",
      "applies": "Container",
      "description": "Adds a container to properly fix a floating toast notice to the top-center of the page. These toasts typically disappear after a set time (i.e. 3 seconds)"
    }
  ],
  "access": [
    {
      "item": "aria-labelledby=\"[id]\"",
      "applies": ".s-toast",
      "description": "Used to reference the alert message within the dialog. If you are using <code class=\"stacks-code\">.s-toast</code>, <strong>this must be applied.</strong>",
      "url": "https://www.w3.org/TR/wai-aria-1.1/#aria-labelledby"
    },
    {
      "item": "aria-hidden=\"[state]\"",
      "applies": ".s-toast",
      "description": "Informs assistive technologies (such as screen readers) if they should ignore the element. When applied to <code class=\"stacks-code\">.s-toast</code>, Stacks will use this attribute to show or hide the toast.",
      "url": "https://www.w3.org/TR/wai-aria-1.1/#aria-hidden"
    },
    {
      "item": "aria-label=\"[text]\"",
      "applies": ".s-btn",
      "description": "Labels the element for assistive technologies (such as screen readers).  This should be used on any button that does not contain text content.",
      "url": "https://www.w3.org/TR/wai-aria-1.1/#aria-label"
    },
    {
      "item": "role=\"alert\"",
      "applies": ".s-notice",
      "description": "A form of live region which contains important, usually time-sensitive, information. Elements with an alert role have an implicit <code class=\"stacks-code\">aria-live</code> value of <code class=\"stacks-code\">assertive</code> and implicit <code class=\"stacks-code\">aria-atomic</code> value of <code class=\"stacks-code\">true</code>.",
      "url": "https://www.w3.org/TR/wai-aria-1.1/#alert"
    },
    {
      "item": "role=\"alertdialog\"",
      "applies": ".s-toast",
      "description": "The wrapping content area of an <code class=\"stacks-code\">alert</code>. Elements with the <code class=\"stacks-code\">alertdialog</code> role <strong>must</strong> use the <code class=\"stacks-code\">aria-describedby</code> attribute to reference the alert message within the dialog.",
      "url": "https://www.w3.org/TR/wai-aria-1.1/#alertdialog"
    },
    {
      "item": "role=\"status\"",
      "applies": ".s-notice",
      "description": "A form of live region which contains advisory information but isn't important enough to justify an alert role. Elements with a status role have an implicit <code class=\"stacks-code\">aria-live</code> value of <code class=\"stacks-code\">polite</code> and implicit <code class=\"stacks-code\">aria-atomic</code> value of <code class=\"stacks-code\">true</code>. If the element controlling the status appears in a different area of the page, you <strong>must make the relationship explicit</strong> with the <code class=\"stacks-code\">aria-controls</code> attribute.",
      "url": "https://www.w3.org/TR/wai-aria-1.1/#status"
    }
  ]
}
