{
  "classes": [
    {
      "class": ".s-pagination",
      "applies": "N/A",
      "description": "Base pagination style that is used universally."
    },
    {
      "class": ".s-pagination--item",
      "applies": "N/A",
      "description": "A child element that’s used as a link and labeled with the page number."
    },
    {
      "class": ".is-selected",
      "applies": ".s-pagination--item",
      "description": "Active state that’s applied to the current page."
    },
    {
      "class": ".s-pagination--item__clear",
      "applies": ".s-pagination--item",
      "description": "Clears the background and removes any interactivity. Used for ellipses and descriptions."
    }
  ]
}