{
  "automatic": [
    {
      "class": ".s-popover",
      "applies": "N/A",
      "description": "Base parent container for popovers"
    },
    {
      "class": ".s-popover__tooltip",
      "applies": "<code class=\"stacks-code\">.s-popover</code>",
      "description": "Removes minimum size constraints to support shorter tooltip text"
    },
    {
      "class": ".is-visible",
      "applies": "<code class=\"stacks-code\">.s-popover</code>",
      "description": "This class toggles the popover visibility"
    },
    {
      "class": ".s-popover--close",
      "applies": "Child of <code class=\"stacks-code\">.s-popover</code>",
      "description": "Used to dismiss a popover"
    },
    {
      "class": ".s-popover--arrow",
      "applies": "Child of <code class=\"stacks-code\">.s-popover</code>",
      "description": "When combined with JavaScript data attributes, this arrow element will be positioned automatically"
    }
  ],
  "manual": [
    {
      "class": ".s-popover--arrow__tc",
      "applies": "Child of <code class=\"stacks-code\">.s-popover</code>",
      "description": "Popover arrow appears top center"
    },
    {
      "class": ".s-popover--arrow__tl",
      "applies": "Child of <code class=\"stacks-code\">.s-popover</code>",
      "description": "Popover arrow appears top left"
    },
    {
      "class": ".s-popover--arrow__tr",
      "applies": "Child of <code class=\"stacks-code\">.s-popover</code>",
      "description": "Popover arrow appears top right"
    },
    {
      "class": ".s-popover--arrow__bc",
      "applies": "Child of <code class=\"stacks-code\">.s-popover</code>",
      "description": "Popover arrow appears bottom center"
    },
    {
      "class": ".s-popover--arrow__bl",
      "applies": "Child of <code class=\"stacks-code\">.s-popover</code>",
      "description": "Popover arrow appears bottom left"
    },
    {
      "class": ".s-popover--arrow__br",
      "applies": "Child of <code class=\"stacks-code\">.s-popover</code>",
      "description": "Popover arrow appears bottom right"
    },
    {
      "class": ".s-popover--arrow__rc",
      "applies": "Child of <code class=\"stacks-code\">.s-popover</code>",
      "description": "Popover arrow appears right center"
    },
    {
      "class": ".s-popover--arrow__rt",
      "applies": "Child of <code class=\"stacks-code\">.s-popover</code>",
      "description": "Popover arrow appears right top"
    },
    {
      "class": ".s-popover--arrow__rb",
      "applies": "Child of <code class=\"stacks-code\">.s-popover</code>",
      "description": "Popover arrow appears right bottom"
    },
    {
      "class": ".s-popover--arrow__lc",
      "applies": "Child of <code class=\"stacks-code\">.s-popover</code>",
      "description": "Popover arrow appears left center"
    },
    {
      "class": ".s-popover--arrow__lt",
      "applies": "Child of <code class=\"stacks-code\">.s-popover</code>",
      "description": "Popover arrow appears left top"
    },
    {
      "class": ".s-popover--arrow__lb",
      "applies": "Child of <code class=\"stacks-code\">.s-popover</code>",
      "description": "Popover arrow appears left bottom"
    }
  ]
}