{
  "classes": [
    {
      "class": ".s-post-summary",
      "applies": "N/A",
      "description": "Base parent container for a post summary"
    },
    {
      "class": ".s-post-summary--stats",
      "applies": ".s-post-summary",
      "description": "Container for the post summary stats"
    },
    {
      "class": ".s-post-summary--stats-item",
      "applies": ".s-post-summary--stats",
      "description": "Individual stat item within the stats container"
    },
    {
      "class": ".has-answers",
      "applies": ".s-post-summary--stats-item",
      "description": "Adds the styling necessary for a question with answers"
    },
    {
      "class": ".has-accepted-answer",
      "applies": ".s-post-summary--stats-item",
      "description": "Adds the styling necessary for a question with accepted answers"
    },
    {
      "class": ".has-bounty",
      "applies": ".s-post-summary--stats-item",
      "description": "Styles the stats item appropriately to display a bounty"
    },
    {
      "class": ".is-warm",
      "applies": ".s-post-summary--stats-item",
      "description": "Styles post stats with a warm color"
    },
    {
      "class": ".is-hot",
      "applies": ".s-post-summary--stats-item",
      "description": "Warmer still, for more popular posts"
    },
    {
      "class": ".is-supernova",
      "applies": ".s-post-summary--stats-item",
      "description": "Paired with a fire icon, these are the most popular stats"
    },
    {
      "class": ".s-post-summary--content",
      "applies": ".s-post-summary",
      "description": "Container for the post summary content"
    },
    {
      "class": ".s-post-summary--content-type",
      "applies": ".s-post-summary--content",
      "description": "A container for various content types, eg. How-to guide on Articles"
    },
    {
      "class": ".s-post-summary--content-title",
      "applies": ".s-post-summary--content",
      "description": "Post title styling"
    },
    {
      "class": ".s-post-summary--content-excerpt",
      "applies": ".s-post-summary--content",
      "description": "An optional content excerpt truncated at 2 lines."
    },
    {
      "class": ".s-post-summary--answer",
      "applies": ".s-post-summary--content",
      "description": "Adds blockquote styling and spacing for answer previews"
    },
    {
      "class": ".s-post-summary--answer-excerpt",
      "applies": ".s-post-summary--content",
      "description": "Provides padding, and truncation to 4 lines."
    },
    {
      "class": ".s-post-summary--content-menu-button",
      "applies": ".s-post-summary--content",
      "description": "An optional button for displaying a post-specific menu."
    },
    {
      "class": ".s-post-summary--meta",
      "applies": ".s-post-summary--content",
      "description": "A container for post meta data, things like tags and user cards."
    },
    {
      "class": ".s-post-summary--meta-tags",
      "applies": ".s-post-summary--meta",
      "description": "A container for tags and other taxonomy."
    }
  ]
}