{
  "sections": [
    {
      "title": "Product",
      "url": "/product/guidelines/using-stacks/",
      "sections": [
        {
          "title": "Guidelines",
          "links": [
            {
              "title": "Using Stacks",
              "url": "/product/guidelines/using-stacks/"
            },
            {
              "title": "Building Stacks",
              "url": "/product/guidelines/building/"
            },
            {
              "title": "Conditional classes",
              "url": "/product/guidelines/conditional-classes/"
            },
            {
              "title": "JavaScript",
              "url": "/product/guidelines/javascript/"
            },
            {
              "title": "Releasing Stacks",
              "url": "/product/guidelines/releasing/"
            },
            {
              "title": "Theming",
              "url": "/product/guidelines/theming/"
            }
          ]
        },
        {
          "title": "Resources",
          "links": [
            {
              "title": "Icons",
              "url": "/product/resources/icons/"
            },
            {
              "title": "Spot illustrations",
              "url": "/product/resources/spots/"
            }
          ]
        },
        {
          "title": "Base",
          "links": [
            {
              "title": "Backgrounds",
              "url": "/product/base/backgrounds/"
            },
            {
              "title": "Borders",
              "url": "/product/base/borders/"
            },
            {
              "title": "Border radius",
              "url": "/product/base/border-radius/"
            },
            {
              "title": "Box shadow",
              "url": "/product/base/box-shadow/"
            },
            {
              "title": "Box sizing",
              "url": "/product/base/box-sizing/"
            },
            {
              "title": "Colors",
              "url": "/product/base/colors/"
            },
            {
              "title": "Current color",
              "url": "/product/base/current-color/"
            },
            {
              "title": "Cursors",
              "url": "/product/base/cursors/"
            },
            {
              "title": "Display",
              "url": "/product/base/display/"
            },
            {
              "title": "Flex",
              "url": "/product/base/flex/"
            },
            {
              "title": "Floats",
              "url": "/product/base/floats/"
            },
            {
              "title": "Grid",
              "url": "/product/base/grid/"
            },
            {
              "title": "Interactivity",
              "url": "/product/base/interactivity/"
            },
            {
              "title": "Lists",
              "url": "/product/base/lists/"
            },
            {
              "title": "Object fit",
              "url": "/product/base/object-fit/"
            },
            {
              "title": "Opacity",
              "url": "/product/base/opacity/"
            },
            {
              "title": "Outline",
              "url": "/product/base/outline/"
            },
            {
              "title": "Overflow",
              "url": "/product/base/overflow/"
            },
            {
              "title": "Positioning",
              "url": "/product/base/position/"
            },
            {
              "title": "Spacing",
              "url": "/product/base/spacing/"
            },
            {
              "title": "Transitions",
              "url": "/product/base/transitions/"
            },
            {
              "title": "Truncation",
              "url": "/product/base/truncation/"
            },
            {
              "title": "Typography",
              "url": "/product/base/typography/"
            },
            {
              "title": "Vertical alignment",
              "url": "/product/base/vertical-alignment/"
            },
            {
              "title": "Visibility",
              "url": "/product/base/visibility/"
            },
            {
              "title": "Width & height",
              "url": "/product/base/width-height/"
            },
            {
              "title": "Z-index",
              "url": "/product/base/z-index/"
            }
          ]
        },
        {
          "title": "Components",
          "links": [
            {
              "title": "Activity indicator",
              "url": "/product/components/activity-indicator/"
            },
            {
              "title": "Avatars",
              "url": "/product/components/avatars/"
            },
            {
              "title": "Badges",
              "url": "/product/components/badges/"
            },
            {
              "title": "Banners",
              "url": "/product/components/banners/"
            },
            {
              "title": "Breadcrumbs",
              "url": "/product/components/breadcrumbs/"
            },
            {
              "title": "Buttons",
              "url": "/product/components/buttons/"
            },
            {
              "title": "Button groups",
              "url": "/product/components/button-groups/"
            },
            {
              "title": "Cards",
              "url": "/product/components/cards/"
            },
            {
              "title": "Checkbox",
              "url": "/product/components/checkbox/"
            },
            {
              "title": "Code blocks",
              "url": "/product/components/code-blocks/"
            },
            {
              "title": "Editor",
              "url": "/product/components/editor/"
            },
            {
              "title": "Empty states",
              "url": "/product/components/empty-states/"
            },
            {
              "title": "Expandable",
              "url": "/product/components/expandable/"
            },
            {
              "title": "Inputs",
              "url": "/product/components/inputs/"
            },
            {
              "title": "Labels",
              "url": "/product/components/labels/"
            },
            {
              "title": "Links",
              "url": "/product/components/links/"
            },
            {
              "title": "Link previews",
              "url": "/product/components/link-previews/"
            },
            {
              "title": "Menus",
              "url": "/product/components/menus/"
            },
            {
              "title": "Modals",
              "url": "/product/components/modals/"
            },
            {
              "title": "Navigation",
              "url": "/product/components/navigation/"
            },
            {
              "title": "Notices",
              "url": "/product/components/notices/"
            },
            {
              "title": "Page titles",
              "url": "/product/components/page-titles/"
            },
            {
              "title": "Pagination",
              "url": "/product/components/pagination/"
            },
            {
              "title": "Popovers",
              "url": "/product/components/popovers/"
            },
            {
              "title": "Post summary",
              "url": "/product/components/post-summary/"
            },
            {
              "title": "Progress bars",
              "url": "/product/components/progress-bars/"
            },
            {
              "title": "Prose",
              "url": "/product/components/prose/"
            },
            {
              "title": "Radio",
              "url": "/product/components/radio/"
            },
            {
              "title": "Select",
              "url": "/product/components/select/"
            },
            {
              "title": "Sidebar widgets",
              "url": "/product/components/sidebar-widgets/"
            },
            {
              "title": "Spinner",
              "url": "/product/components/spinner/"
            },
            {
              "title": "Tables",
              "url": "/product/components/tables/"
            },
            {
              "title": "Tags",
              "url": "/product/components/tags/"
            },
            {
              "title": "Textarea",
              "url": "/product/components/textarea/"
            },
            {
              "title": "Toggle switch",
              "url": "/product/components/toggle-switch/"
            },
            {
              "title": "Topbar",
              "url": "/product/components/topbar/"
            },
            {
              "title": "Uploader",
              "url": "/product/components/uploader/"
            },
            {
              "title": "User cards",
              "url": "/product/components/user-cards/"
            }
          ]
        }
      ]
    },
    {
      "title": "Email",
      "url": "/email/guidelines/getting-started/",
      "sections": [
        {
          "title": "Guidelines",
          "links": [
            {
              "title": "Getting started",
              "url": "/email/guidelines/getting-started/"
            },
            {
              "title": "Design best practices",
              "url": "/email/guidelines/design-best-practices/"
            },
            {
              "title": "FAQ",
              "url": "/email/guidelines/faq/"
            }
          ]
        },
        {
          "title": "Templates",
          "links": [
            {
              "title": "Short transactional",
              "url": "/email/templates/short-transactional/"
            },
            {
              "title": "Long transactional",
              "url": "/email/templates/long-transactional/"
            },
            {
              "title": "Promotional",
              "url": "/email/templates/promotional/"
            },
            {
              "title": "Major announcements",
              "url": "/email/templates/major-announcements/"
            }
          ]
        },
        {
          "title": "Base",
          "links": [
            {
              "title": "Border radius",
              "url": "/email/base/border-radius/"
            },
            {
              "title": "Outlook conditional CSS",
              "url": "/email/base/mso/"
            },
            {
              "title": "Responsiveness",
              "url": "/email/base/responsiveness/"
            },
            {
              "title": "Typography",
              "url": "/email/base/typography/"
            }
          ]
        },
        {
          "title": "Components",
          "links": [
            {
              "title": "Buttons",
              "url": "/email/components/buttons/"
            },
            {
              "title": "Footers",
              "url": "/email/components/footers/"
            },
            {
              "title": "Images",
              "url": "/email/components/images/"
            },
            {
              "title": "Spacers",
              "url": "/email/components/spacers/"
            },
            {
              "title": "Tags",
              "url": "/email/components/tags/"
            },
            {
              "title": "Team identification",
              "url": "/email/components/team-identification/"
            },
            {
              "title": "Signatures",
              "url": "/email/components/signatures/"
            }
          ]
        },
        {
          "title": "Patterns",
          "links": [
            {
              "title": "Columns",
              "url": "/email/patterns/columns/"
            }
          ]
        }
      ]
    },
    {
      "title": "Content",
      "url": "/content/guidelines/principles/",
      "sections": [
        {
          "title": "Guidelines",
          "links": [
            {
              "title": "Principles",
              "url": "/content/guidelines/principles/"
            },
            {
              "title": "Voice and tone",
              "url": "/content/guidelines/voice-and-tone/"
            },
            {
              "title": "Grammar and mechanics",
              "url": "/content/guidelines/grammar-and-mechanics/"
            }
          ]
        },
        {
          "title": "Examples",
          "links": [
            {
              "title": "Alt text",
              "url": "/content/examples/alt-text/"
            },
            {
              "title": "Error messages",
              "url": "/content/examples/error-messages/"
            },
            {
              "title": "Preferences and settings",
              "url": "/content/examples/preferences-settings/"
            },
            {
              "title": "Success messages",
              "url": "/content/examples/success-messages/"
            }
          ]
        }
      ]
    },
    {
      "title": "Brand",
      "url": "/brand/principles/",
      "sections": [
        {
          "title": "Brand",
          "links": [
            {
              "title": "Principles",
              "url": "/brand/principles/"
            }
          ]
        },
        {
          "title": "Copywriting",
          "links": [
            {
              "title": "Naming guidelines",
              "url": "/brand/copywriting/naming/"
            }
          ]
        },
        {
          "title": "Visuals",
          "links": [
            {
              "title": "Logos",
              "url": "/brand/logo/"
            },
            {
              "title": "Typography",
              "url": "/brand/typography/"
            },
            {
              "title": "Colors",
              "url": "/brand/colors/"
            },
            {
              "title": "Data visualization",
              "url": "/brand/data-visualization/"
            }
          ]
        }
      ]
    }
  ]
}
