{
  "margin": [
    {
      "prefix": "m",
      "values": "0, 1, 2, 4, 6, 8, 12, 16, 24, 32, 48, 64, 96, 128",
      "responsive": true
    },
    {
      "prefix": "mt",
      "values": "0, 1, 2, 4, 6, 8, 12, 16, 24, 32, 48, 64, 96, 128",
      "responsive": true
    },
    {
      "prefix": "mr",
      "values": "0, 1, 2, 4, 6, 8, 12, 16, 24, 32, 48, 64, 96, 128",
      "responsive": true
    },
    {
      "prefix": "ml",
      "values": "0, 1, 2, 4, 6, 8, 12, 16, 24, 32, 48, 64, 96, 128",
      "responsive": true
    },
    {
      "prefix": "mb",
      "values": "0, 1, 2, 4, 6, 8, 12, 16, 24, 32, 48, 64, 96, 128",
      "responsive": true
    },
    {
      "prefix": "mx",
      "values": "0, 1, 2, 4, 6, 8, 12, 16, 24, 32, 48, 64, 96, 128",
      "responsive": false
    },
    {
      "prefix": "my",
      "values": "0, 1, 2, 4, 6, 8, 12, 16, 24, 32, 48, 64, 96, 128",
      "responsive": false
    }
  ],
  "negative-margin": [
    {
      "prefix": "mtn",
      "values": "1, 2, 4, 6, 8, 12, 16, 24, 32, 48, 64, 96, 128"
    },
    {
      "prefix": "mrn",
      "values": "1, 2, 4, 6, 8, 12, 16, 24, 32, 48, 64, 96, 128"
    },
    {
      "prefix": "mln",
      "values": "1, 2, 4, 6, 8, 12, 16, 24, 32, 48, 64, 96, 128"
    },
    {
      "prefix": "mbn",
      "values": "1, 2, 4, 6, 8, 12, 16, 24, 32, 48, 64, 96, 128"
    },
    {
      "prefix": "mxn",
      "values": "1, 2, 4, 6, 8, 12, 16, 24, 32, 48, 64, 96, 128"
    },
    {
      "prefix": "myn",
      "values": "1, 2, 4, 6, 8, 12, 16, 24, 32, 48, 64, 96, 128"
    }
  ],
  "padding": [
    {
      "prefix": "p",
      "values": "0, 1, 2, 4, 6, 8, 12, 16, 24, 32, 48, 64, 96, 128",
      "responsive": true
    },
    {
      "prefix": "pt",
      "values": "0, 1, 2, 4, 6, 8, 12, 16, 24, 32, 48, 64, 96, 128",
      "responsive": true
    },
    {
      "prefix": "pr",
      "values": "0, 1, 2, 4, 6, 8, 12, 16, 24, 32, 48, 64, 96, 128",
      "responsive": true
    },
    {
      "prefix": "pl",
      "values": "0, 1, 2, 4, 6, 8, 12, 16, 24, 32, 48, 64, 96, 128",
      "responsive": true
    },
    {
      "prefix": "pb",
      "values": "0, 1, 2, 4, 6, 8, 12, 16, 24, 32, 48, 64, 96, 128",
      "responsive": true
    },
    {
      "prefix": "px",
      "values": "0, 1, 2, 4, 6, 8, 12, 16, 24, 32, 48, 64, 96, 128",
      "responsive": false
    },
    {
      "prefix": "py",
      "values": "0, 1, 2, 4, 6, 8, 12, 16, 24, 32, 48, 64, 96, 128",
      "responsive": false
    }
  ],
  "position": [
    {
      "prefix": "t",
      "values": "0, 1, 2, 4, 6, 8, 12, 16, 24, 32, 48, 64, 96, 128, 50, 100"
    },
    {
      "prefix": "r",
      "values": "0, 1, 2, 4, 6, 8, 12, 16, 24, 32, 48, 64, 96, 128, 50, 100"
    },
    {
      "prefix": "l",
      "values": "0, 1, 2, 4, 6, 8, 12, 16, 24, 32, 48, 64, 96, 128, 50, 100"
    },
    {
      "prefix": "b",
      "values": "0, 1, 2, 4, 6, 8, 12, 16, 24, 32, 48, 64, 96, 128, 50, 100"
    }
  ],
  "negative-position": [
    {
      "prefix": "tn",
      "values": "1, 2, 4, 6, 8, 12, 16, 24, 32, 48, 64, 96, 128, 50, 100"
    },
    {
      "prefix": "rn",
      "values": "1, 2, 4, 6, 8, 12, 16, 24, 32, 48, 64, 96, 128, 50, 100"
    },
    {
      "prefix": "ln",
      "values": "1, 2, 4, 6, 8, 12, 16, 24, 32, 48, 64, 96, 128, 50, 100"
    },
    {
      "prefix": "bn",
      "values": "1, 2, 4, 6, 8, 12, 16, 24, 32, 48, 64, 96, 128, 50, 100"
    }
  ],
  "margin-definitions": [
    {
      "term": "m",
      "define": "margin",
      "responsive": true
    },
    {
      "term": "mt",
      "define": "margin-top",
      "responsive": true
    },
    {
      "term": "mr",
      "define": "margin-right",
      "responsive": true
    },
    {
      "term": "mb",
      "define": "margin-bottom",
      "responsive": true
    },
    {
      "term": "ml",
      "define": "margin-left",
      "responsive": true
    },
    {
      "term": "mx",
      "define": "margin x-axis (left, right)"
    },
    {
      "term": "my",
      "define": "margin y-axis (top, bottom)"
    },
    {
      "term": "mxn",
      "define": "negative margin x-axis"
    },
    {
      "term": "mtn",
      "define": "negative margin-top"
    },
    {
      "term": "mrn",
      "define": "negative margin-right"
    },
    {
      "term": "mbn",
      "define": "negative margin-bottom"
    },
    {
      "term": "mln",
      "define": "negative margin-left"
    },
    {
      "term": 0,
      "define": "0;"
    },
    {
      "term": 1,
      "define": "1px;"
    },
    {
      "term": 2,
      "define": "2px;"
    },
    {
      "term": 4,
      "define": "4px;"
    },
    {
      "term": 6,
      "define": "6px;"
    },
    {
      "term": 8,
      "define": "8px;"
    },
    {
      "term": 12,
      "define": "12px;"
    },
    {
      "term": 16,
      "define": "16px;"
    },
    {
      "term": 24,
      "define": "24px;"
    },
    {
      "term": 32,
      "define": "32px;"
    },
    {
      "term": 48,
      "define": "48px;"
    },
    {
      "term": 64,
      "define": "64px;"
    },
    {
      "term": 96,
      "define": "96px;"
    },
    {
      "term": 128,
      "define": "128px;"
    }
  ],
  "padding-definitions": [
    {
      "term": "p",
      "define": "padding",
      "responsive": true
    },
    {
      "term": "pt",
      "define": "padding-top",
      "responsive": true
    },
    {
      "term": "pr",
      "define": "padding-right",
      "responsive": true
    },
    {
      "term": "pb",
      "define": "padding-bottom",
      "responsive": true
    },
    {
      "term": "pl",
      "define": "padding-left",
      "responsive": true
    },
    {
      "term": "px",
      "define": "padding x-axis (left, right)"
    },
    {
      "term": "py",
      "define": "padding y-axis (top, bottom)"
    },
    {
      "term": 0,
      "define": "padding: 0;"
    },
    {
      "term": 1,
      "define": "padding: 1;"
    },
    {
      "term": 2,
      "define": "padding: 2px;"
    },
    {
      "term": 4,
      "define": "padding: 4px;"
    },
    {
      "term": 6,
      "define": "padding: 6px;"
    },
    {
      "term": 8,
      "define": "padding: 8px;"
    },
    {
      "term": 12,
      "define": "padding: 12px;"
    },
    {
      "term": 16,
      "define": "padding: 16px;"
    },
    {
      "term": 24,
      "define": "padding: 24px;"
    },
    {
      "term": 32,
      "define": "padding: 32px;"
    },
    {
      "term": 48,
      "define": "padding: 48px;"
    },
    {
      "term": 64,
      "define": "padding: 64px;"
    },
    {
      "term": 96,
      "define": "padding: 96px;"
    },
    {
      "term": 128,
      "define": "padding: 128px;"
    }
  ],
  "position-definitions": [
    {
      "term": "t",
      "define": "top"
    },
    {
      "term": "r",
      "define": "right"
    },
    {
      "term": "b",
      "define": "bottom"
    },
    {
      "term": "l",
      "define": "left"
    },
    {
      "term": "tn",
      "define": "negative top"
    },
    {
      "term": "rn",
      "define": "negative right"
    },
    {
      "term": "bn",
      "define": "negative bottom"
    },
    {
      "term": "ln",
      "define": "negative left"
    },
    {
      "term": 0,
      "define": "0;"
    },
    {
      "term": 1,
      "define": "1px;"
    },
    {
      "term": 2,
      "define": "2px;"
    },
    {
      "term": 4,
      "define": "4px;"
    },
    {
      "term": 6,
      "define": "6px;"
    },
    {
      "term": 8,
      "define": "8px;"
    },
    {
      "term": 12,
      "define": "12px;"
    },
    {
      "term": 16,
      "define": "16px;"
    },
    {
      "term": 24,
      "define": "24px;"
    },
    {
      "term": 32,
      "define": "32px;"
    },
    {
      "term": 48,
      "define": "48px;"
    },
    {
      "term": 64,
      "define": "64px;"
    },
    {
      "term": 96,
      "define": "96px;"
    },
    {
      "term": 128,
      "define": "128px;"
    },
    {
      "term": 50,
      "define": "50%;"
    },
    {
      "term": 100,
      "define": "100%;"
    }
  ]
}