{
  "spinner": [
    {
      "class": ".s-spinner",
      "applies": "N/A",
      "description": "Base loading style that is used almost universally"
    },
    {
      "class": ".s-spinner__xs",
      "applies": ".s-spinner",
      "description": "An extra small loading style for compact layouts"
    },
    {
      "class": ".s-spinner__sm",
      "applies": ".s-spinner",
      "description": "A small style for compact layouts"
    },
    {
      "class": ".s-spinner__md",
      "applies": ".s-spinner",
      "description": "A medium style for larger layouts"
    },
    {
      "class": ".s-spinner__lg",
      "applies": ".s-spinner",
      "description": "A large style for the largest layouts"
    }
  ]
}
