{
  "widths": [
    {
      "class": ".s-table--cell1",
      "output": "8.3333333%"
    },
    {
      "class": ".s-table--cell2",
      "output": "16.6666667%"
    },
    {
      "class": ".s-table--cell3",
      "output": "25%"
    },
    {
      "class": ".s-table--cell4",
      "output": "33.3333333%"
    },
    {
      "class": ".s-table--cell5",
      "output": "41.6666667%"
    },
    {
      "class": ".s-table--cell6",
      "output": "50%"
    },
    {
      "class": ".s-table--cell7",
      "output": "58.3333333%"
    },
    {
      "class": ".s-table--cell8",
      "output": "66.6666667%"
    },
    {
      "class": ".s-table--cell9",
      "output": "75%"
    },
    {
      "class": ".s-table--cell10",
      "output": "83.3333333%"
    },
    {
      "class": ".s-table--cell11",
      "output": "91.6666667%"
    },
    {
      "class": ".s-table--cell12",
      "output": "100%"
    }
  ],
  "data-attributes": [
    {
      "attribute": "data-controller=\"s-table\"",
      "applies": "table",
      "description": "Wires up the table to the JS controller"
    },
    {
      "attribute": "data-s-table-target=\"column\"",
      "applies": "th",
      "description": "Marks this is a sortable column for the purpose of modifying arrow icons"
    },
    {
      "attribute": "data-action=\"click->s-table#sort\"",
      "applies": "th",
      "description": "Causes a click on the header cell to sort by this column"
    },
    {
      "attribute": "data-s-table-sort-to=\"top\"",
      "applies": "tr",
      "description": "Forces the sorting of a row to the top"
    },
    {
      "attribute": "data-s-table-sort-to=\"bottom\"",
      "applies": "tr",
      "description": "Forces the sorting of a row to the bottom"
    },
    {
      "attribute": "data-s-table-sort-val=\"[x]\"",
      "applies": "td",
      "description": "Optionally use a custom value for sorting instead of the cell’s text content"
    }
  ],
  "atomic": [
    {
      "class": ".tl-auto",
      "output": "table-layout: auto;"
    },
    {
      "class": ".tl-fixed",
      "output": "table-layout: fixed;"
    }
  ]
}
