{
  "classes": [
    {
      "class": ".s-tag",
      "applies": "N/A",
      "description": "Base tag style that is used almost universally."
    },
    {
      "class": ".s-tag__moderator",
      "applies": ".s-tag",
      "description": "Exclusively used within Meta communities by moderators (and employees) to assign unique statuses to questions."
    },
    {
      "class": ".s-tag__required",
      "applies": ".s-tag",
      "description": "Exclusively used within Meta communities to denote the post type. One of these tags are required on all Meta posts."
    },
    {
      "class": ".s-tag__muted",
      "applies": ".s-tag",
      "description": "Applies a visually muted style from the base style."
    },
    {
      "class": ".s-tag__themed",
      "applies": ".s-tag",
      "description": "Applies a themed color to the tag"
    },
    {
      "class": ".s-tag--dismiss",
      "applies": "N/A",
      "description": "A child element within <code class=\"stacks-code\">.s-tag</code> that correctly positions a clear or dismiss action icon."
    },
    {
      "class": ".s-tag--sponsor",
      "applies": "N/A",
      "description": "A child element within <code class=\"stacks-code\">.s-tag</code> that correctly positions a tag’s sponsor logo."
    },
    {
      "class": ".is-selected",
      "applies": ".s-tag",
      "description": "Adds a currently selected / active aesthetic"
    }
  ],
  "sizes": [
    {
      "class": "s-tag__xs"
    },
    {
      "class": "s-tag__sm"
    },
    {
      "class": "N/A"
    },
    {
      "class": "s-tag__md"
    },
    {
      "class": "s-tag__lg"
    }
  ]
}
