[
    {
      "class": ".s-topbar",
      "description": "Base class"
    },
    {
        "class": ".s-topbar__light",
        "applies": "`.s-topbar`",
        "description": "Forced light theme"
    },
    {
        "class": ".s-topbar__dark",
        "applies": "`.s-topbar`",
        "description": "Forced dark theme"
    },
    {
        "class": ".s-topbar--container",
        "description": "Add **atomic** `classes` here to customize internal content width; defaults to `.wmx12`",
        "applies": "Child of `.s-topbar`"
    },
    {
        "class": ".s-topbar--logo",
        "description": "The logo. Can apply `.is-selected` to this",
        "applies": "Child of `.s-topbar`"
    },
    {
        "class": ".s-topbar--menu-btn",
        "description": "Hamburger menu icon. Add `.is-selected` to turn it into an X",
        "applies": "Child of `.s-topbar`"
    },
    {
        "class": ".s-topbar--content",
        "description": "Contains `li > .s-topbar--item` elements that don’t look like anything in particular",
        "applies": "Child of `.s-topbar`"
    },
    {
        "class": ".s-topbar--ctas",
        "description": "Provides layout for various calls to action, e.g. log in or sign up links. This container provides layout only, leaving child elements to their own styling.",
        "applies": "Child of `.s-topbar`"
    },
    {
        "class": ".s-topbar--item",
        "description": "A topbar item element, styles itself based on where it is placed. Can add `.is-selected`",
        "applies": "Child of `.s-topbar--content > li`,\n`.s-topbar--ctas > li`"
    },
    {
        "class": ".s-topbar--notice",
        "description": "A badge-styled notice that stands out. Add `.is-unread` to make it stand out more",
        "applies": "Child of `.s-topbar`"
    },
    {
        "class": ".s-topbar--searchbar",
        "description": "Contains a search input and an optional `.s-select`. Hides itself on mobile.",
        "applies": "Child of `.s-topbar`"
    },
    {
        "class": ".s-topbar--searchbar--input-group",
        "description": "Holds the search input + icon",
        "applies": "Child of `.s-topbar--searchbar`"
    },
    {
        "class": ".s-topbar--searchbar__open",
        "applies": "`.s-topbar--searchbar`",
        "description": "On mobile, this class shows the search input below the topbar. Toggle this class with a button"
    }
]