{
  "fontsize": [
    {
      "term": "fine",
      "define": "11px",
      "responsive": "11px",
      "label": "Fine"
    },
    {
      "term": "caption",
      "define": "12px",
      "responsive": "12px",
      "label": "Caption"
    },
    {
      "term": "body1",
      "define": "13px",
      "responsive": "13px",
      "label": "Body 1"
    },
    {
      "term": "body2",
      "define": "15px",
      "responsive": "14.3px",
      "label": "Body 2"
    },
    {
      "term": "body3",
      "define": "17px",
      "responsive": "15.4px",
      "label": "Body 3"
    },
    {
      "term": "subheading",
      "define": "19px",
      "responsive": "17.6px",
      "label": "Subheading"
    },
    {
      "term": "title",
      "define": "21px",
      "responsive": "19.8px",
      "label": "Title"
    },
    {
      "term": "headline1",
      "define": "27px",
      "responsive": "22px",
      "label": "Headline 1"
    },
    {
      "term": "headline2",
      "define": "34px",
      "responsive": "25.3px",
      "label": "Headline 2"
    },
    {
      "term": "display1",
      "define": "43px",
      "responsive": "28.6px",
      "label": "Display 1"
    },
    {
      "term": "display2",
      "define": "55px",
      "responsive": "33px",
      "label": "Display 2"
    },
    {
      "term": "display3",
      "define": "69px",
      "responsive": "36.3px",
      "label": "Display 3"
    },
    {
      "term": "display4",
      "define": "99px",
      "responsive": "41.8px",
      "label": "Display 4"
    },
    {
      "term": "category",
      "define": "12px",
      "responsive": "12px",
      "label": "Category"
    }
  ],
  "type-basic": [
    {
      "class": "fw-normal",
      "output": "font-weight: normal;",
      "define": "<p class='mt0'>Normal font weight. Maps to 400.</p>",
      "responsive": false
    },
    {
      "class": "fw-bold",
      "output": "font-weight: bold;",
      "define": "<p class='mt0'>Bold font weight. Maps to 700.</p>",
      "responsive": false
    },
    {
      "class": "fs-normal",
      "output": "font-style: normal;",
      "define": "<p class='mt0'>Selects the normal font within the font-family.</p>",
      "responsive": false
    },
    {
      "class": "fs-italic",
      "output": "font-style: italic;",
      "define": "<p class='mt0'>Selects the italic font within the font-family.</p>",
      "responsive": false
    },
    {
      "class": "tt-capitalize",
      "output": "text-transform: capitalize;",
      "define": "<p class='mt0'>The first character in each word is capitalized regardless of markup.</p>",
      "responsive": false
    },
    {
      "class": "tt-lowercase",
      "output": "text-transform: lowercase;",
      "define": "<p class='mt0'>All characters are lowercase regardless of markup.</p>",
      "responsive": false
    },
    {
      "class": "tt-uppercase",
      "output": "text-transform: uppercase;",
      "define": "<p class='mt0'>All characters are uppercase regardless of markup.</p>",
      "responsive": false
    },
    {
      "class": "tt-none",
      "output": "text-transform: none;",
      "define": "<p class='mt0'>Characters in a string remain unchanged.</p>",
      "responsive": false
    },
    {
      "class": "tt-unset",
      "output": "text-transform: unset;",
      "define": "<p class='mt0'>Text-transform is unset entirely.</p>",
      "responsive": false
    },
    {
      "class": "td-underline",
      "output": "text-decoration: underline;",
      "define": "<p class='mt0'>Text renders with an underline.</p>",
      "responsive": false
    },
    {
      "class": "td-none",
      "output": "text-decoration: none;",
      "define": "<p class='mt0'>Text renders without an underline.</p>",
      "responsive": false
    }
  ],
  "type-layout": [
    {
      "class": "ta-left",
      "output": "text-align: left;",
      "define": "Inline contents are aligned to the left edge.",
      "responsive": true
    },
    {
      "class": "ta-center",
      "output": "text-align: center;",
      "define": "Inline contents are aligned to the center.",
      "responsive": true
    },
    {
      "class": "ta-right",
      "output": "text-align: right;",
      "define": "Inline contents are aligned to the right edge.",
      "responsive": true
    },
    {
      "class": "ta-justify",
      "output": "text-align: justify;",
      "define": "Inline contents are justified. Text should be spaced to line up its left and right edges to the left and right edges, except for the last line.",
      "responsive": false
    },
    {
      "class": "ws-normal",
      "output": "white-space: normal;",
      "define": "Lines are broken as necessary to fill the parent.",
      "responsive": false
    },
    {
      "class": "ws-nowrap",
      "output": "white-space: nowrap;",
      "define": "Text wrapping is disabled.",
      "responsive": false
    },
    {
      "class": "ws-pre",
      "output": "white-space: pre;",
      "define": "Whitespace is preserved but text won’t wrap.",
      "responsive": false
    },
    {
      "class": "ws-pre-wrap",
      "output": "white-space: pre-wrap;",
      "define": "Whitespace is preserved but text will wrap. New lines are preserved.",
      "responsive": false
    },
    {
      "class": "ws-pre-line",
      "output": "white-space: pre-line;",
      "define": "Whitespace is preserved but text will wrap. New lines are collapsed.",
      "responsive": false
    },
    {
      "class": "ow-normal",
      "output": "word-break: normal;",
      "define": "Restores overflow wrapping behavior."
    },
    {
      "class": "ow-break-word",
      "output": "overflow-wrap: break-word;",
      "define": "Breaks a word to a new line only if the entire word cannot be placed on its own line without overflowing."
    },
    {
      "class": "ow-inherit",
      "output": "overflow-wrap: inherit;",
      "define": "Inherits the parent value."
    },
    {
      "class": "ow-intial",
      "output": "overflow-wrap: intial;",
      "define": "Restores the value to the initial value set on the body."
    },
    {
      "class": "ow-unset",
      "output": "overflow-wrap: unset;",
      "define": "Unsets any inherited behavior. Does not work in IE."
    },
    {
      "class": "ww-break-word",
      "output": "word-wrap: break-word;",
      "define": "Deprecated, please use the equivalent ow-break-word instead. Specifies if a browser should insert line breaks within words to prevent text from overflowing its content box."
    },
    {
      "class": "wb-normal",
      "output": "word-break: normal;",
      "define": "Restores word break behavior."
    },
    {
      "class": "wb-break-all",
      "output": "word-break: break-all;",
      "define": "To prevent copy from overflowing its box, breaks should occur between any two characters (excluding Chinese, Japanese, and Korean text)"
    },
    {
      "class": "wb-keep-all",
      "output": "word-break: keep-all;",
      "define": "Removes word breaks for Chinese, Japanese, and Korean text. All other text behavior is the same as normal."
    },
    {
      "class": "wb-inherit",
      "output": "word-break: inherit;",
      "define": "Inherits the parent value."
    },
    {
      "class": "wb-intial",
      "output": "word-break: intial;",
      "define": "Restores the value to the initial value set on the body."
    },
    {
      "class": "wb-unset",
      "output": "word-break: unset;",
      "define": "Unsets any inherited behavior.",
      "responsive": false
    }
  ]
}