{
  "classes": [
    {
      "class": ".s-uploader",
      "applies": "N/A",
      "description": "Base uploader element"
    },
    {
      "class": ".is-active",
      "applies": "<code class=\"stacks-code\">.s-uploader</code>",
      "description": "Active styling for uploader element. Added on <code class=\"stacks-code\">dragenter</code> or when input has value."
    },
    {
      "class": ".is-disabled",
      "applies": "<code class=\"stacks-code\">.s-uploader</code>",
      "description": "Appropriately styles the uploader when it is disabled. Don’t forget to also add the <code class='stacks-code'>disabled</code> attribute on the input itself."
    },
    {
      "class": ".has-error",
      "applies": "<code class=\"stacks-code\">.s-uploader</code>",
      "description": "Adds error styling to the component."
    },
    {
      "class": ".has-success",
      "applies": "<code class=\"stacks-code\">.s-uploader</code>",
      "description": "Adds success styling to the component."
    },
    {
      "class": ".has-warning",
      "applies": "<code class=\"stacks-code\">.s-uploader</code>",
      "description": "Adds warning styling to the component."
    },
    {
      "class": ".s-uploader--input",
      "applies": "Child of <code class=\"stacks-code\">.s-uploader</code>",
      "description": "Adds proper styling to the uploader's file input."
    },
    {
      "class": ".s-uploader--previews",
      "applies": "Child of <code class=\"stacks-code\">.s-uploader</code>",
      "description": "Container for selected item(s) preview."
    },
    {
      "class": ".s-uploader--preview",
      "applies": "Child of <code class=\"stacks-code\">.s-uploader--previews</code>",
      "description": "An image or string to preview a selected file."
    },
    {
      "class": ".s-uploader--reset",
      "applies": "Child of <code class=\"stacks-code\">.s-uploader</code>",
      "description": "Used to reset the uploader."
    }
  ]
}
