{
  "classes": [
    {
      "class": ".s-user-card",
      "applies": "N/A",
      "description": "Base user card container that applies the basic style."
    },
    {
      "class": ".s-user-card--time",
      "applies": "N/A",
      "description": "An optional child element that’s used to display time since the user made an action on a post or comment."
    },
    {
      "class": ".s-user-card--avatar",
      "applies": "N/A",
      "description": "When paired with an <code class='stacks-code'>s-avatar</code>, this properly positions the user’s profile image within the user card."
    },
    {
      "class": ".s-user-card--info",
      "applies": "N/A",
      "description": "An optional container for all the meta info that applies an appropriate grid layout."
    },
    {
      "class": ".s-user-card--link",
      "applies": "N/A",
      "description": "Styles the link to the user’s profile appropriately."
    },
    {
      "class": ".s-user-card--type",
      "applies": "N/A",
      "description": "An optional container for displaying various user types."
    },
    {
      "class": ".s-badge .s-badge__xs .s-badge__admin",
      "applies": "Child of <code class='stacks-code'>.s-user-card--link</code>",
      "description": "Wraps and positions the admin user badge"
    },
    {
      "class": ".s-badge .s-badge__xs .s-badge__moderator",
      "applies": "Child of <code class='stacks-code'>.s-user-card--link</code>",
      "description": "Wraps and positions the staff user badge"
    },
    {
      "class": ".s-badge .s-badge__xs .s-badge__staff",
      "applies": "Child of <code class='stacks-code'>.s-user-card--link</code>",
      "description": "Wraps and positions the staff user badge"
    },
    {
      "class": ".s-user-card--location",
      "applies": "N/A",
      "description": "Styles the user’s location."
    },
    {
      "class": ".s-user-card--role",
      "applies": "N/A",
      "description": "Styles the user’s role."
    },
    {
      "class": ".s-user-card--awards",
      "applies": "N/A",
      "description": "A container for reputation and various awards."
    },
    {
      "class": ".s-user-card--rep",
      "applies": "N/A",
      "description": "Styles the aggregate number of awards and activity properly."
    },
    {
      "class": ".s-user-card--tags",
      "applies": "N/A",
      "description": "A container for a user’s most popular tags."
    },
    {
      "class": ".s-user-card__highlighted",
      "applies": "<code class='stacks-code'>.s-user-card</code>",
      "description": "Highlights the entire user card by adding a background color, some padding, and rounded corners."
    },
    {
      "class": ".s-user-card__full",
      "applies": "<code class='stacks-code'>.s-user-card</code>",
      "description": "Displays a larger avatar, best paired with additional tags meta data."
    },
    {
      "class": ".s-user-card__small",
      "applies": "<code class='stacks-code'>.s-user-card</code>",
      "description": "Pairs a small avatar with the reputation and awards."
    },
    {
      "class": ".s-user-card__minimal",
      "applies": "<code class='stacks-code'>.s-user-card</code>",
      "description": "Pairs a stripped down version of the reputation with a small avatar, and the time since the activity occurred."
    },
    {
      "class": ".s-user-card__deleted",
      "applies": "<code class='stacks-code'>.s-user-card</code>",
      "description": "When a user is deleted, we still need to show their name, but we strip the meta data"
    }
  ]
}