{
  "id": "backstop_default",
  "viewports": [
    {
    "selectors": [
        "document"
      ],
      "label": "phone",
      "width": 320,
      "height": 480
    },
    {
    "selectors": [
        "document"
      ],
      "label": "tablet",
      "width": 1024,
      "height": 768
    },
    {
    "selectors": [
        "document"
      ],
      "label": "desktop",
      "width": 1600,
      "height": 1024
    }
  ],
  "onBeforeScript": "puppet/onBefore.js",
  "onReadyScript": "puppet/onReady.js",
  "scenarios": [
    {
    "selectors": [
        "document"
      ],
      "label": "Product Using Stacks",
      "url": "http://localhost:8080/product/guidelines/using-stacks"
    },
    {
    "selectors": [
        "document"
      ],
      "label": "Product Building Stacks",
      "url": "http://localhost:8080/product/guidelines/building"
    },
    {
    "selectors": [
        "document"
      ],
      "label": "Product Conditional Classes",
      "url": "http://localhost:8080/product/guidelines/conditional-classes"
    },
    {
    "selectors": [
        "document"
      ],
      "label": "Product Releasing Stacks",
      "url": "http://localhost:8080/product/guidelines/releasing"
    },
    {
    "selectors": [
        "document"
      ],
      "label": "Product JavaScript",
      "url": "http://localhost:8080/product/guidelines/javascript"
    },
    {
    "selectors": [
        "document"
      ],
      "label": "Product Theming",
      "url": "http://localhost:8080/product/guidelines/theming"
    },
    {
    "selectors": [
        "document"
      ],
      "label": "Product Icons",
      "url": "http://localhost:8080/product/resources/icons"
    },
    {
    "selectors": [
        "document"
      ],
      "label": "Product Spot Illustrations",
      "url": "http://localhost:8080/product/resources/spots"
    },
    {
    "selectors": [
        "document"
      ],
      "label": "Product Backgrounds",
      "url": "http://localhost:8080/product/base/backgrounds"
    },
    {
    "selectors": [
        "document"
      ],
      "label": "Product Borders",
      "url": "http://localhost:8080/product/base/borders"
    },
    {
    "selectors": [
        "document"
      ],
      "label": "Product Border Radius",
      "url": "http://localhost:8080/product/base/border-radius"
    },
    {
    "selectors": [
        "document"
      ],
      "label": "Product Box Shadow",
      "url": "http://localhost:8080/product/base/box-shadow"
    },
    {
    "selectors": [
        "document"
      ],
      "label": "Product Box Sizing",
      "url": "http://localhost:8080/product/base/box-sizing"
    },
    {
    "selectors": [
        "document"
      ],
      "label": "Product Colors",
      "url": "http://localhost:8080/product/base/colors"
    },
    {
    "selectors": [
        "document"
      ],
      "label": "Product Current Color",
      "url": "http://localhost:8080/product/base/current-color"
    },
    {
    "selectors": [
        "document"
      ],
      "label": "Product Cursors",
      "url": "http://localhost:8080/product/base/cursors"
    },
    {
    "selectors": [
        "document"
      ],
      "label": "Product Display",
      "url": "http://localhost:8080/product/base/display"
    },
    {
    "selectors": [
        "document"
      ],
      "label": "Product Flex",
      "url": "http://localhost:8080/product/base/flex"
    },
    {
    "selectors": [
        "document"
      ],
      "label": "Product Floats",
      "url": "http://localhost:8080/product/base/floats"
    },
    {
    "selectors": [
        "document"
      ],
      "label": "Product Grid",
      "url": "http://localhost:8080/product/base/grid"
    },
    {
    "selectors": [
        "document"
      ],
      "label": "Product Interactivity",
      "url": "http://localhost:8080/product/base/interactivity"
    },
    {
    "selectors": [
        "document"
      ],
      "label": "Product Lists",
      "url": "http://localhost:8080/product/base/lists"
    },
    {
    "selectors": [
        "document"
      ],
      "label": "Product Object Fit",
      "url": "http://localhost:8080/product/base/object-fit"
    },
    {
    "selectors": [
        "document"
      ],
      "label": "Product Opacity",
      "url": "http://localhost:8080/product/base/opacity"
    },
    {
    "selectors": [
        "document"
      ],
      "label": "Product Outline",
      "url": "http://localhost:8080/product/base/outline"
    },
    {
    "selectors": [
        "document"
      ],
      "label": "Product Overflow",
      "url": "http://localhost:8080/product/base/overflow"
    },
    {
    "selectors": [
        "document"
      ],
      "label": "Product Positioning",
      "url": "http://localhost:8080/product/base/position"
    },
    {
    "selectors": [
        "document"
      ],
      "label": "Product Spacing",
      "url": "http://localhost:8080/product/base/spacing"
    },
    {
    "selectors": [
        "document"
      ],
      "label": "Product Transitions",
      "url": "http://localhost:8080/product/base/transitions"
    },
    {
    "selectors": [
        "document"
      ],
      "label": "Product Typography",
      "url": "http://localhost:8080/product/base/typography"
    },
    {
    "selectors": [
        "document"
      ],
      "label": "Product Vertical Alignment",
      "url": "http://localhost:8080/product/base/vertical-alignment"
    },
    {
    "selectors": [
        "document"
      ],
      "label": "Product Visibility",
      "url": "http://localhost:8080/product/base/visibility"
    },
    {
    "selectors": [
        "document"
      ],
      "label": "Product Width & Height",
      "url": "http://localhost:8080/product/base/width-height"
    },
    {
    "selectors": [
        "document"
      ],
      "label": "Product Z-Index",
      "url": "http://localhost:8080/product/base/z-index"
    },
    {
    "selectors": [
        "document"
      ],
      "label": "Product Activity Indicator",
      "url": "http://localhost:8080/product/components/activity-indicator"
    },
    {
    "selectors": [
        "document"
      ],
      "label": "Product Avatars",
      "url": "http://localhost:8080/product/components/avatars"
    },
    {
    "selectors": [
        "document"
      ],
      "label": "Product Badges",
      "url": "http://localhost:8080/product/components/badges"
    },
    {
    "selectors": [
        "document"
      ],
      "label": "Product Banners",
      "url": "http://localhost:8080/product/components/banners"
    },
    {
    "selectors": [
        "document"
      ],
      "label": "Product Breadcrumbs",
      "url": "http://localhost:8080/product/components/breadcrumbs"
    },
    {
    "selectors": [
        "document"
      ],
      "label": "Product Buttons",
      "url": "http://localhost:8080/product/components/buttons"
    },
    {
    "selectors": [
        "document"
      ],
      "label": "Product Button Groups",
      "url": "http://localhost:8080/product/components/button-groups"
    },
    {
    "selectors": [
        "document"
      ],
      "label": "Product Cards",
      "url": "http://localhost:8080/product/components/cards"
    },
    {
    "selectors": [
        "document"
      ],
      "label": "Product Checkbox",
      "url": "http://localhost:8080/product/components/checkbox"
    },
    {
    "selectors": [
        "document"
      ],
      "label": "Product Code blocks",
      "url": "http://localhost:8080/product/components/code-blocks"
    },
    {
    "selectors": [
        "document"
      ],
      "label": "Product Editor",
      "url": "http://localhost:8080/product/components/editor"
    },
    {
    "selectors": [
        "document"
      ],
      "label": "Product Empty States",
      "url": "http://localhost:8080/product/components/empty-states"
    },
    {
    "selectors": [
        "document"
      ],
      "label": "Product Expandable",
      "url": "http://localhost:8080/product/components/expandable"
    },
    {
    "selectors": [
        "document"
      ],
      "label": "Product Inputs",
      "url": "http://localhost:8080/product/components/inputs"
    },
    {
    "selectors": [
        "document"
      ],
      "label": "Product Labels",
      "url": "http://localhost:8080/product/components/labels"
    },
    {
    "selectors": [
        "document"
      ],
      "label": "Product Links",
      "url": "http://localhost:8080/product/components/links"
    },
    {
    "selectors": [
        "document"
      ],
      "label": "Product Link Previews",
      "url": "http://localhost:8080/product/components/link-previews"
    },
    {
    "selectors": [
        "document"
      ],
      "label": "Product Modals",
      "url": "http://localhost:8080/product/components/modals"
    },
    {
    "selectors": [
        "document"
      ],
      "label": "Product Navigation",
      "url": "http://localhost:8080/product/components/navigation"
    },
    {
    "selectors": [
        "document"
      ],
      "label": "Product Notices",
      "url": "http://localhost:8080/product/components/notices"
    },
    {
    "selectors": [
        "document"
      ],
      "label": "Product Page Titles",
      "url": "http://localhost:8080/product/components/page-titles"
    },
    {
    "selectors": [
        "document"
      ],
      "label": "Product Pagination",
      "url": "http://localhost:8080/product/components/pagination"
    },
    {
    "selectors": [
        "document"
      ],
      "label": "Product Popovers",
      "url": "http://localhost:8080/product/components/popovers"
    },
    {
    "selectors": [
        "document"
      ],
      "label": "Product Post Summary",
      "url": "http://localhost:8080/product/components/post-summary"
    },
    {
    "selectors": [
        "document"
      ],
      "label": "Product Progress Bars",
      "url": "http://localhost:8080/product/components/progress-bars"
    },
    {
    "selectors": [
        "document"
      ],
      "label": "Product Prose",
      "url": "http://localhost:8080/product/components/prose"
    },
    {
    "selectors": [
        "document"
      ],
      "label": "Product Radio",
      "url": "http://localhost:8080/product/components/radio"
    },
    {
    "selectors": [
        "document"
      ],
      "label": "Product Select",
      "url": "http://localhost:8080/product/components/select"
    },
    {
    "selectors": [
        "document"
      ],
      "label": "Product Sidebar Widgets",
      "url": "http://localhost:8080/product/components/sidebar-widgets"
    },
    {
    "selectors": [
        "document"
      ],
      "label": "Product Spinner",
      "url": "http://localhost:8080/product/components/spinner"
    },
    {
    "selectors": [
        "document"
      ],
      "label": "Product Tables",
      "url": "http://localhost:8080/product/components/tables"
    },
    {
    "selectors": [
        "document"
      ],
      "label": "Product Tags",
      "url": "http://localhost:8080/product/components/tags"
    },
    {
    "selectors": [
        "document"
      ],
      "label": "Product Textarea",
      "url": "http://localhost:8080/product/components/textarea"
    },
    {
    "selectors": [
        "document"
      ],
      "label": "Product Toggle Switch",
      "url": "http://localhost:8080/product/components/toggle-switch"
    },
    {
    "selectors": [
        "document"
      ],
      "label": "Product Uploader",
      "url": "http://localhost:8080/product/components/uploader"
    },
    {
    "selectors": [
        "document"
      ],
      "label": "Product User Cards",
      "url": "http://localhost:8080/product/components/user-cards"
    },
    {
    "selectors": [
        "document"
      ],
      "label": "Email Getting Started",
      "url": "http://localhost:8080/email/guidelines/getting-started"
    },
    {
    "selectors": [
        "document"
      ],
      "label": "Email Design Best Practices",
      "url": "http://localhost:8080/email/guidelines/design-best-practices"
    },
    {
    "selectors": [
        "document"
      ],
      "label": "Email FAQ",
      "url": "http://localhost:8080/email/guidelines/faq"
    },
    {
    "selectors": [
        "document"
      ],
      "label": "Email Short Transactional",
      "url": "http://localhost:8080/email/templates/short-transactional"
    },
    {
    "selectors": [
        "document"
      ],
      "label": "Email Long Transactional",
      "url": "http://localhost:8080/email/templates/long-transactional"
    },
    {
    "selectors": [
        "document"
      ],
      "label": "Email Promotional",
      "url": "http://localhost:8080/email/templates/promotional"
    },
    {
    "selectors": [
        "document"
      ],
      "label": "Email Major Announcements",
      "url": "http://localhost:8080/email/templates/major-announcements"
    },
    {
    "selectors": [
        "document"
      ],
      "label": "Email Border Radius",
      "url": "http://localhost:8080/email/base/border-radius"
    },
    {
    "selectors": [
        "document"
      ],
      "label": "Email Outlook Conditional CSS",
      "url": "http://localhost:8080/email/base/mso"
    },
    {
    "selectors": [
        "document"
      ],
      "label": "Email Responsiveness",
      "url": "http://localhost:8080/email/base/responsiveness"
    },
    {
    "selectors": [
        "document"
      ],
      "label": "Email Typography",
      "url": "http://localhost:8080/email/base/typography"
    },
    {
    "selectors": [
        "document"
      ],
      "label": "Email Buttons",
      "url": "http://localhost:8080/email/components/buttons"
    },
    {
    "selectors": [
        "document"
      ],
      "label": "Email Footers",
      "url": "http://localhost:8080/email/components/footers"
    },
    {
    "selectors": [
        "document"
      ],
      "label": "Email Images",
      "url": "http://localhost:8080/email/components/images"
    },
    {
    "selectors": [
        "document"
      ],
      "label": "Email Spacers",
      "url": "http://localhost:8080/email/components/spacers"
    },
    {
    "selectors": [
        "document"
      ],
      "label": "Email Tags",
      "url": "http://localhost:8080/email/components/tags"
    },
    {
    "selectors": [
        "document"
      ],
      "label": "Email Team Identification",
      "url": "http://localhost:8080/email/components/team-identification"
    },
    {
    "selectors": [
        "document"
      ],
      "label": "Email Columns",
      "url": "http://localhost:8080/email/patterns/columns"
    },
    {
    "selectors": [
        "document"
      ],
      "label": "Content Principles",
      "url": "http://localhost:8080/content/guidelines/principles"
    },
    {
    "selectors": [
        "document"
      ],
      "label": "Content Voice & Tone",
      "url": "http://localhost:8080/content/guidelines/voice-and-tone"
    },
    {
    "selectors": [
        "document"
      ],
      "label": "Content Grammar and Mechanics",
      "url": "http://localhost:8080/content/guidelines/grammar-and-mechanics"
    },
    {
    "selectors": [
        "document"
      ],
      "label": "Content Alt text",
      "url": "http://localhost:8080/content/examples/alt-text"
    },
    {
    "selectors": [
        "document"
      ],
      "label": "Content Error messages",
      "url": "http://localhost:8080/content/examples/error-messages"
    },
    {
    "selectors": [
        "document"
      ],
      "label": "Content Preferences and settings",
      "url": "http://localhost:8080/content/examples/preferences-settings"
    },
    {
    "selectors": [
        "document"
      ],
      "label": "Content Success messages",
      "url": "http://localhost:8080/content/examples/success-messages"
    },
    {
    "selectors": [
        "document"
      ],
      "label": "Brand Principles",
      "url": "http://localhost:8080/brand/principles"
    },
    {
    "selectors": [
        "document"
      ],
      "label": "Brand Naming Guidelines",
      "url": "http://localhost:8080/brand/copywriting/naming"
    },
    {
    "selectors": [
        "document"
      ],
      "label": "Brand Logos",
      "url": "http://localhost:8080/brand/logo"
    },
    {
    "selectors": [
        "document"
      ],
      "label": "Brand Typography",
      "url": "http://localhost:8080/brand/typography"
    },
    {
    "selectors": [
        "document"
      ],
      "label": "Brand Colors",
      "url": "http://localhost:8080/brand/colors"
    }
  ],
  "paths": {
    "bitmaps_reference": "backstop_data/bitmaps_reference",
    "bitmaps_test": "backstop_data/bitmaps_test",
    "engine_scripts": "backstop_data/engine_scripts",
    "html_report": "backstop_data/html_report",
    "ci_report": "backstop_data/ci_report"
  },
  "report": ["browser"],
  "engine": "puppeteer",
  "engineOptions": {
    "args": ["--no-sandbox"]
  },
  "asyncCaptureLimit": 5,
  "asyncCompareLimit": 50,
  "debug": false,
  "debugWindow": false,
  "misMatchThreshold": 0.1
}
